urbex, nomic, laths
muras, globe, nifty
valet, nomic, rushy
dying, cause, broth
menus, triad, colby
lying, cause, broth
antic, mused, forky
junta, milko, grews
ragde, nomic, bhuts
kilty, cause, prong
dores, muzak, flint
chiro, mused, twank
wraps, nomic, gulet
almug, snoek, birth
divas, noter, fugly
tiges, muzak, crown
tears, nomic, fugly
tupek, nomic, warbs
paths, nomic, urged
perdu, nomic, laths
trams, globe, unhip
pownd, cause, birth
chips, noter, muzak
sored, muzak, flint
cunts, milko, yerba
sputa, nomic, beryl
ponts, alure, zymic
braks, nomic, gulet
binge, claps, routh
ympes, triad, quonk
cires, muzak, poynt
crans, milko, duvet
regos, muzak, flint
iotas, urged, lynch
punce, milko, strag
praus, nomic, lythe
ticky, mused, borna
kinda, queys, broth
basti, urged, honky
ratio, mused, lynch
story, muzak, deign
azuki, noter, psych
neral, micks, doubt
tufas, nomic, beryl
holme, cadis, runty
macro, queys, flint
viers, muzak, poynt
raspy, nomic, gulet
janty, mused, livor
nudie, claps, broth
louie, ranch, kydst
blued, nomic, strag
narco, mused, whity
arced, milko, bunts
worse, muzak, flint
pikul, noter, bachs
seton, muzak, ridgy
tansy, milko, urged
vealy, nomic, wurst
nides, muzak, broth
murti, snoek, cadgy
pusle, nomic, kraft
frith, cause, pownd
zurfs, nomic, pated
twyer, nomic, quags
quirt, snoek, lamby
goles, triad, funky
noxes, triad, fugly
birth, cause, flown
dials, noter, vughy
qualm, snoek, birth
singe, muzak, broth
mocha, rudes, flint
manor, queys, width
vatus, nomic, beryl
downa, queys, birth
lyart, nomic, fuzes
azyms, noter, ludic
ditzy, cause, prong
satyr, nomic, puled
smith, alure, pownd
invar, mused, jolty
froth, cause, blind
horse, muzak, flint
posey, triad, lunch
rykes, nomic, gault
delay, nomic, wurst
tones, muzak, ridgy
crues, milko, thang
halve, nomic, wurst
mahoe, frits, cundy
shard, nomic, gulet
latex, nomic, rushy
dalis, noter, vughy
vault, nomic, grews
maile, gowfs, runty
stond, alure, zymic
lathy, nomic, rudes
smart, globe, unhip
faint, mused, rocky
mogul, cadis, brent
tarsi, globe, cundy
kanzu, riems, jolty
trued, nomic, waqfs
ament, gowfs, durzi
gormy, cause, flint
giros, pated, lunch
sured, nomic, thawy
strae, nomic, fugly
quack, riems, poynt
caves, milko, runty
duvet, nomic, warps
yarks, nomic, gulet
spike, gault, crown
kandy, riems, chout
repos, muzak, flint
ravin, mused, jolty
gouts, mirex, clank
zingy, cause, broth
canst, milko, urged
troys, muzak, deign
litas, urged, honky
umbra, snoek, lytic
kufis, pated, crown
coups, triad, hymen
tabun, milko, grews
cadre, milko, bunts
gains, muley, broth
gamin, rudes, jolty
curio, pated, hymns
spica, noter, fugly
poynt, cause, whirl
kilts, raven, pubco
nodal, queys, birth
natis, urged, cymol
syker, nomic, gault
unsay, milko, twerp
mails, noter, vughy
polis, muzak, brent
nomes, triad, fugly
wisha, noter, fugly
thuds, nomic, yerba
gobar, mused, flint
doubt, riems, clank
muton, cadis, beryl
agony, mused, birth
avyze, nomic, wurst
serum, cnida, jolty
uncoy, pated, skirl
ruche, milko, gants
racon, mused, whity
shakt, nomic, urged
rifle, muzak, tongs
itchy, mused, borna
shier, muzak, poynt
tulpa, nomic, grews
aspic, noter, fugly
finos, pated, crumb
tonal, mused, wrick
voles, triad, bungy
dwaum, snoek, birth
trunk, cadis, globe
ebony, cadis, thrum
knits, alure, whomp
walty, nomic, rudes
dykon, cause, birth
rewan, milko, scuft
jotun, cadis, beryl
moits, alure, chynd
yenta, milko, crush
stong, alure, zymic
bogle, cadis, runty
queyn, cadis, broth
undos, mirex, yacht
pargo, mused, flint
valor, mused, nifty
zerks, nomic, gault
miner, claps, doubt
tronk, cause, flimp
taroc, mused, fling
otaku, riems, lynch
wytes, nomic, jural
salic, noter, vughy
kanji, mused, broth
enols, triad, vughy
stied, muzak, crown
vogie, claps, runty
kepis, gault, crown
rodes, muzak, flint
scail, noter, vughy
jarks, nomic, gulet
norma, queys, width
hoard, queys, flint
sward, nomic, gulet
gular, nomic, khets
canty, mused, livor
glint, cause, forky
leirs, muzak, poynt
aphis, noter, fugly
kipes, gault, crown
fated, nomic, rushy
leafy, nomic, wurst
pound, riems, yacht
taxus, nomic, beryl
pyets, nomic, jural
gusto, mirex, clank
vines, muzak, broth
erics, muzak, poynt
mavin, rudes, jolty
galut, nomic, brews
oners, muzak, lytic
nutso, mirex, cadgy
tolar, mused, chink
unity, claps, bored
gonia, mused, crwth
heros, muzak, flint
panko, mused, birth
lunet, cadis, forky
pules, nomic, kraft
fails, noter, vughy
yaups, nomic, blert
softy, alure, chink
ronte, cadis, fugly
noirs, pated, fugly
donga, queys, birth
hosen, triad, fugly
right, cause, flown
frabs, nomic, gulet
tunes, milko, crapy
breys, nomic, gault
pones, triad, fugly
kibes, gault, crown
sight, alure, pownd
unmet, cadis, forky
neums, triad, colby
snoek, triad, fugly
swarf, nomic, gulet
coral, mused, nifty
retag, nomic, shlub
fleur, nomic, vasty
fuzed, nomic, strag
sting, alure, whomp
fires, muzak, poynt
psora, gulet, mincy
upjet, nomic, warbs
naric, mused, jolty
wails, noter, vughy
nairu, khets, cymol
omens, triad, fugly
mengs, triad, pubco
trugs, nomic, bleak
kindy, cause, broth
pails, noter, vughy
dries, muzak, poynt
noels, triad, vughy
hires, muzak, poynt
gimps, noter, quaky
jumpy, cadis, noter
verso, muzak, flint
polar, mused, nifty
yukes, nomic, blart
clues, triad, honky
shore, muzak, flint
manty, rudes, logic
rukhs, nomic, pated
synod, alure, thick
aspro, gulet, mincy
heald, nomic, wurst
fonts, alure, zymic
panim, rudes, jolty
lirot, cause, nymph
dikes, gault, crown
prong, cause, width
sebum, triad, honky
torcs, muzak, deign
envoi, claps, thrum
gadis, noter, plumb
zinky, cause, broth
resid, muzak, poynt
tugra, nomic, plebs
banco, mused, firth
bruts, nomic, waved
pimas, noter, fugly
amnic, rudes, jolty
lutea, nomic, fyrds
jeons, triad, fugly
kievs, gault, crown
tangi, mused, rocky
slurb, nomic, pated
tinea, gowfs, crumb
smear, fugly, biont
wormy, cause, flint
pudsy, nomic, tawer
input, lomes, chary
abohm, rudes, flint
poser, muzak, flint
mausy, noter, flick
fango, mused, birth
peins, muzak, broth
stoln, mirex, quaky
salmi, noter, vughy
absey, nomic, thurl
azlon, mused, birth
alure, nomic, kydst
toman, rudes, flick
frugs, nomic, pated
ponks, triad, muley
updos, mirex, twank
unify, pated, corks
axils, noter, vughy
toged, claps, rubin
daisy, noter, plumb
thous, mirex, clank
brans, milko, duvet
nache, milko, wurst
scant, milko, urged
tacky, mused, proin
starn, milko, cubed
furth, nomic, savey
brute, nomic, waqfs
gyrus, nomic, pated
intro, cause, lymph
clump, snoek, triad
dusky, nomic, tawer
dishy, noter, muzak
lownd, cause, birth
thuya, nomic, grews
ruing, pated, smoky
juked, nomic, strag
musit, raven, colby
turps, nomic, gable
rotas, muley, chink
zines, quaky, broth
posit, alure, chynd
bantu, milko, grews
awner, milko, scuft
pikau, noter, hwyls
tonks, alure, zymic
oracy, mused, flint
bails, noter, vughy
atimy, snoek, lurch
ceiba, gowfs, runty
knout, cadis, beryl
tubes, nomic, parky
ratos, muley, chink
muxes, triad, honky
glare, nomic, bhuts
coits, alure, nymph
douts, mirex, bhang
trank, mused, logic
garbo, mused, flint
laiks, noter, vughy
canoe, frits, vughy
kivas, noter, fugly
unlay, riems, docht
basij, noter, fugly
taxis, urged, honky
muser, cnida, jolty
krait, mused, flown
recut, milko, gnash
yerds, nomic, gault
moyas, urged, flint
midst, alure, honky
snore, muzak, lytic
spait, urged, honky
gaums, noter, flick
guilt, snoek, crapy
types, nomic, jural
junto, cadis, beryl
gurns, pated, milko
resod, muzak, flint
monas, urged, lytic
bines, muzak, porty
pryse, nomic, gault
gambs, noter, ludic
gursh, nomic, pated
quids, noter, lamby
mashy, noter, ludic
jolty, cause, grind
clips, noter, muzak
tomia, rudes, lynch
squat, nomic, beryl
waifs, noter, vughy
eorls, muzak, nifty
vulgo, cadis, brent
syned, milko, curat
mowas, urged, flint
spahi, noter, fugly
kotch, mused, abrin
nodes, muzak, birth
sengi, muzak, broth
trick, mused, lowan
bints, alure, whomp
shite, muzak, crown
abmho, rudes, flint
smore, quaky, flint
manly, rudes, bigot
apish, noter, fugly
dikas, noter, fugly
caneh, milko, wurst
redan, milko, scuft
ornis, pated, fugly
ergos, muzak, flint
unket, cadis, frowy
tains, urged, cymol
tungs, milko, yerba
tinas, urged, cymol
gulet, nomic, warps
roman, queys, width
tocky, mused, abrin
yugas, nomic, blert
byres, nomic, gault
tepoy, cadis, brung
raced, milko, bunts
fovea, micks, runty
kents, fugly, rioja
tiers, muzak, flown
smaik, noter, fugly
porky, cause, flint
untax, milko, grews
menta, gowfs, durzi
licht, mused, borna
aleph, nomic, wurst
bruin, pated, gowfs
spule, nomic, kraft
caxon, mused, birth
stimy, alure, pownd
laity, mused, crown
stony, alure, chimb
bones, triad, fugly
rines, muzak, jolty
ogham, rudes, flint
malty, snoek, durzi
suing, pated, rocky
borak, mused, flint
dealt, nomic, rushy
cowan, mused, birth
parge, nomic, bhuts
kamis, noter, fugly
noris, pated, fugly
mango, rudes, lytic
overs, muzak, flint
nixer, claps, doubt
lines, muzak, broth
bunde, milko, strag
ducts, milko, raven
shrub, nomic, pated
patsy, nomic, urged
staph, nomic, urged
slang, biome, truck
thurl, nomic, savey
nitro, cause, lymph
twigs, alure, honky
oyers, muzak, flint
withy, cause, prong
burqa, nomic, khets
comas, urged, flint
movie, claps, runty
womyn, cause, birth
jamon, rudes, lytic
shone, triad, fugly
chuts, milko, raven
peony, cadis, thrum
pouts, mirex, bhang
heavy, nomic, wurst
faver, nomic, bhuts
vauts, nomic, beryl
yikes, gault, crown
bouse, triad, lynch
harks, nomic, gulet
lunge, cadis, broth
rokes, gault, mincy
grasp, nomic, duvet
takhi, mused, crown
snoke, triad, fugly
sieur, honky, clapt
aunes, milko, grypt
giust, raven, cymol
reist, muzak, flown
sider, muzak, poynt
blips, noter, muzak
ouens, triad, lymph
gault, nomic, brews
hydro, cause, flint
burns, pated, milko
farcy, mused, biont
murid, snoek, yacht
terga, nomic, shlub
conte, muzak, dirls
third, cause, flown
brusk, nomic, pated
firth, cause, pownd
doric, queys, twank
quail, snoek, grypt
elsin, muzak, broth
hoick, mused, grant
proas, gulet, mincy
alums, noter, vichy
bunje, cadis, porty
nomad, queys, birth
saucy, milko, brent
craze, milko, bunts
riles, muzak, poynt
argon, mused, lytic
darks, nomic, gulet
lound, riems, yacht
malis, noter, vughy
rayne, milko, scuft
milty, cause, prong
fasti, urged, honky
manto, rudes, flick
train, mused, colby
capul, snoek, birth
wilds, noter, muzak
skody, alure, nicht
kiths, alure, pownd
tubas, nomic, grype
thins, alure, comfy
terai, gowfs, lunch
sapor, gulet, mincy
nacho, mused, grift
whump, cadis, noter
meant, gowfs, durzi
tripy, cause, flown
laids, noter, vughy
ungot, cadis, beryl
macon, rudes, whity
sture, nomic, blady
halms, noter, cupid
aswim, noter, fugly
crony, mused, faith
laics, noter, vughy
obeys, triad, lunch
caulk, riems, poynt
thing, cause, forky
sheik, gault, crown
signa, muley, broth
virtu, snoek, lamby
shero, muzak, flint
treys, nomic, blaud
rates, nomic, fugly
strum, globe, cnida
growl, cause, nifty
beach, milko, runts
sired, muzak, poynt
minus, pated, rocky
jerks, nomic, gault
diets, muzak, crown
woman, rudes, lytic
wifty, cause, prong
yeuks, nomic, blart
aruhe, nomic, kydst
axons, urged, lytic
klong, cause, birth
wurst, nomic, gable
kayle, nomic, wurst
rafts, nomic, puled
lycra, mused, biont
rumba, snoek, lytic
crank, mused, bigot
porty, cause, blind
wonts, alure, zymic
ports, muzak, deign
latus, nomic, grype
vinca, mused, broth
exurb, nomic, laths
duchy, snoek, trail
refis, muzak, poynt
brogh, cause, flint
renos, muzak, lytic
dowry, cause, flint
stair, globe, cundy
joeys, triad, lunch
fayed, nomic, wurst
culti, snoek, awmry
toady, riems, lunch
tanhs, milko, urged
xysti, alure, pownd
jours, pated, mincy
fouat, riems, lynch
teras, nomic, fugly
cursi, pated, honky
surly, nomic, pated
abord, queys, flint
centu, milko, warps
bluet, nomic, warps
gryce, milko, tuans
sorta, muley, chink
coned, muzak, frits
gorse, muzak, flint
sirup, globe, twank
nikah, mused, porty
palet, nomic, rushy
zatis, urged, honky
tryke, nomic, quags
spore, muzak, flint
squid, noter, lamby
artis, globe, cundy
retia, gowfs, lunch
meous, triad, lynch
drant, milko, queys
stich, alure, pownd
tuyer, nomic, waqfs
noles, triad, vughy
gowan, mused, birth
golpe, cadis, runty
pynes, milko, curat
kbars, nomic, gulet
reach, milko, bunts
notum, cadis, beryl
untie, claps, forky
belay, nomic, wurst
frats, nomic, puled
hurls, nomic, pated
karos, gulet, mincy
botch, mused, garni
waltz, nomic, rudes
nukes, triad, cymol
stire, muzak, flown
vista, urged, honky
jambo, rudes, flint
moist, alure, chynd
cutis, raven, folky
pitch, mused, borna
noups, triad, welch
teuch, milko, rands
ugali, snoek, crwth
talks, nomic, urged
rubin, pated, gowfs
bling, cause, porty
agent, milko, rushy
garum, snoek, lytic
rhomb, cause, flint
kutis, raven, cymol
phons, triad, muley
dinks, alure, mothy
slaid, noter, vughy
grith, cause, flown
sayid, noter, plumb
redos, muzak, flint
tongs, alure, zymic
giant, mused, rocky
sprad, nomic, gulet
trawl, nomic, queys
vodun, riems, yacht
cyton, mused, hijra
suite, rocky, bhang
girth, cause, flown
defat, nomic, rushy
labis, noter, vughy
plate, nomic, rushy
sugan, milko, twerp
tegus, nomic, parky
lurid, snoek, yacht
tices, muzak, prong
tries, muzak, flown
waist, urged, honky
spurt, nomic, gable
upbye, nomic, strag
mures, cnida, jolty
dorse, muzak, flint
acids, noter, fugly
grate, nomic, shlub
yagis, noter, plumb
hance, milko, wurst
adown, queys, birth
ocean, frits, vughy
onset, muzak, ridgy
turds, nomic, gable
lurks, nomic, pated
entry, cadis, mogul
stivy, alure, pownd
pints, alure, comfy
unbed, milko, strag
amoks, urged, flint
apism, noter, fugly
swore, muzak, flint
shute, nomic, parky
lours, pated, mincy
frust, nomic, gable
whirl, cause, poynt
ureal, nomic, kydst
proxy, cause, flint
pylon, cause, birth
linky, cause, broth
flier, muzak, tongs
ravel, nomic, bhuts
vigas, noter, plumb
powns, triad, muley
curse, milko, thang
twain, mused, rocky
thawy, nomic, rudes
ecrus, milko, thang
tanky, mused, livor
cutin, lomes, parky
yirth, cause, flown
smerk, gault, bidon
budis, noter, mawky
ambos, urged, flint
shark, nomic, gulet
preys, nomic, gault
dogan, queys, birth
unmew, cadis, broth
sutra, nomic, gyved
curve, milko, gants
blurt, nomic, savey
windy, cause, broth
dures, nomic, thawy
hafts, nomic, urged
motus, raven, flick
ghoul, cadis, brent
tiars, globe, cundy
muist, raven, colby
murva, snoek, lytic
foist, alure, nymph
choir, mused, twank
units, globe, crapy
malus, noter, vichy
snide, muzak, broth
corni, mused, thawy
trend, milko, quags
ensky, triad, mogul
homie, claps, runty
round, claps, withe
hyens, milko, curat
bunce, milko, strag
logan, mused, birth
bacon, mused, firth
jaunt, milko, grews
tangy, mused, livor
nimps, alure, docht
rides, muzak, poynt
qursh, nomic, pated
quods, mirex, twank
glans, biome, truck
hable, nomic, wurst
bouts, mirex, clank
nidal, queys, broth
rosin, pated, fugly
togas, mirex, lunch
urson, pated, flick
unarm, khets, logic
poyse, triad, lunch
mudir, snoek, yacht
lowan, mused, birth
grind, cause, jolty
hails, noter, mucky
dashi, noter, fugly
hards, nomic, gulet
daurs, nomic, lythe
cruse, milko, thang
ontic, mused, parky
graft, nomic, queys
umiak, noter, psych
scone, triad, fugly
trona, mused, flick
belah, nomic, wurst
hurst, nomic, gable
mange, frits, pubco
muids, noter, bylaw
korun, cadis, lythe
organ, mused, lytic
oakum, grews, flint
sidha, noter, fugly
cuber, milko, gants
cadie, gowfs, runty
thymi, cause, prong
kines, gault, frowy
swift, alure, honky
leavy, nomic, wurst
pleat, nomic, rushy
heist, muzak, crown
shoer, muzak, flint
irons, pated, fugly
chuse, milko, grant
roast, muley, chink
unlaw, riems, docht
stude, nomic, parky
tunic, lomes, parky
icers, muzak, poynt
rumal, snoek, width
splat, nomic, urged
pasty, nomic, urged
divan, queys, broth
quyte, nomic, warps
noyes, triad, plumb
plong, cause, birth
halts, nomic, urged
rakus, nomic, lythe
riels, muzak, poynt
hints, alure, comfy
gifts, alure, honky
siler, muzak, poynt
krays, nomic, gulet
pikes, gault, crown
fisty, alure, pownd
khats, nomic, urged
carom, queys, flint
camus, noter, hiply
noxal, mused, birth
gilas, noter, mucky
lures, nomic, thawy
ritzy, cause, flown
towsy, alure, chink
hurts, nomic, gable
letup, nomic, warbs
arvos, gulet, mincy
strop, muzak, deign
blast, nomic, urged
tames, rocky, unhip
guard, nomic, khets
vinyl, cause, broth
taube, nomic, fyrds
rotls, muzak, deign
chain, mused, porty
talon, mused, wrick
onlay, mused, birth
inlay, mused, broth
buhrs, nomic, pated
panic, mused, broth
chogs, pated, rubin
bayts, nomic, urged
wonga, mused, birth
goats, mirex, lunch
antis, urged, cymol
barns, milko, duvet
scale, birth, ponzu
cronk, mused, faith
dorsa, gulet, mincy
actor, mused, fling
banty, mused, livor
duras, nomic, lythe
wound, riems, yacht
molts, raven, cupid
gaper, nomic, bhuts
tamin, rudes, colby
braws, nomic, gulet
claut, snoek, ridgy
dural, nomic, khets
tidal, snoek, crumb
shtik, alure, pownd
topis, alure, chynd
tymps, alure, bidon
stoun, mirex, cadgy
gosht, alure, mincy
bitsy, alure, pownd
scart, milko, nudge
rungs, pated, milko
fatly, nomic, rudes
broad, queys, flint
crude, milko, gants
mines, quaky, broth
binds, alure, mothy
amour, khets, blind
tromp, cause, blind
pyxis, noter, muzak
stomp, alure, chink
santo, mirex, fugly
gambo, rudes, flint
snuck, pated, livor
nasty, milko, urged
rawin, mused, jolty
ramus, globe, nifty
makos, urged, flint
minty, cause, growl
vrous, pated, mincy
corny, mused, faith
north, cause, flimp
blink, cause, porty
reifs, muzak, poynt
lomas, urged, nifty
siren, muzak, jolty
dital, snoek, crumb
exons, triad, fugly
gryde, nomic, tapus
tapis, urged, honky
cymas, noter, bluid
alist, urged, honky
downy, cause, birth
pured, nomic, laths
largo, mused, nifty
abuts, nomic, grype
matlo, rudes, chink
hause, nomic, grypt
fonda, queys, birth
quota, riems, lynch
yurta, nomic, plebs
brays, nomic, gulet
argus, nomic, lythe
geans, milko, turfy
fakey, nomic, wurst
keirs, gault, pownd
whity, cause, prong
tronc, mused, pilaw
buret, nomic, waqfs
conga, mused, birth
nazir, mused, jolty
porgy, cause, flint
duomi, claps, brent
notes, muzak, ridgy
lytes, nomic, purda
bries, muzak, poynt
argol, mused, nifty
dovie, claps, runty
voars, gulet, mincy
plonk, cause, birth
dhikr, cause, poynt
pubes, nomic, kraft
thilk, cause, prong
jager, nomic, bhuts
rewin, claps, doubt
seity, muzak, crown
delta, nomic, rushy
tians, urged, cymol
haled, nomic, wurst
maser, fugly, biont
mused, abrin, jolty
buats, nomic, grype
learn, micks, doubt
rinse, muzak, jolty
hound, riems, clapt
radge, nomic, bhuts
ponty, cause, whirl
sigla, noter, mucky
guids, noter, lamby
bitos, alure, nymph
sowne, triad, fugly
twink, cause, dormy
embog, cadis, runty
tires, muzak, flown
pronk, cause, width
limas, noter, vughy
boral, mused, nifty
amids, noter, fugly
bumph, cadis, noter
bourn, cadis, lythe
spail, noter, vughy
tizes, quaky, crown
lunas, biome, grypt
aitch, mused, prong
thick, mused, borna
chute, milko, rands
musha, noter, flick
warks, nomic, gulet
dupes, nomic, kraft
pores, muzak, flint
renig, claps, doubt
autos, mirex, lynch
guyse, nomic, kraft
farce, milko, bunts
namus, globe, dirty
zonda, queys, birth
jones, triad, fugly
mysid, noter, vauch
cabin, mused, porty
scrat, milko, nudge
embus, triad, honky
patly, nomic, rudes
curdy, snoek, faith
kutas, nomic, beryl
powan, mused, birth
verts, nomic, quaky
nixes, muzak, broth
inust, globe, crapy
quest, nomic, parky
lenos, triad, vughy
prink, cause, jolty
stand, milko, pucer
segol, triad, funky
ycond, riems, gault
quips, noter, lamby
haint, mused, rocky
modus, raven, lytic
trins, muzak, globe
doums, raven, lytic
unsod, mirex, yacht
soral, muxed, nifty
punto, cadis, beryl
drest, nomic, quaky
pikas, noter, fugly
sedum, abrin, jolty
traik, mused, flown
bolar, mused, nifty
shift, alure, pownd
ileus, rocky, thang
mayos, urged, flint
buras, nomic, lythe
bairn, mused, jolty
tinks, alure, whomp
redub, nomic, laths
zante, milko, rushy
dumas, noter, flick
blats, nomic, urged
budos, mirex, twank
muirs, pated, honky
shalt, nomic, urged
fones, triad, vughy
maxis, noter, fugly
chaft, mused, proin
piums, noter, cadgy
ovine, claps, thrum
besit, muzak, crown
cured, milko, gants
earst, nomic, fugly
inerm, claps, doubt
whats, nomic, urged
fraus, nomic, lythe
intra, mused, colby
sythe, nomic, jural
styre, nomic, blaud
gytes, nomic, jural
luser, nomic, thawy
payor, mused, flint
cloud, riems, twank
bomas, urged, flint
merls, quaky, biont
argle, nomic, bhuts
campo, rudes, flint
kinds, alure, mothy
amuck, noter, dishy
aryls, nomic, duvet
breis, muzak, poynt
amice, gowfs, runty
harls, nomic, duvet
idyls, noter, muzak
spite, muzak, crown
gilds, noter, muzak
fraud, nomic, khets
aygre, nomic, bhuts
potsy, alure, chink
gumps, triad, onely
drupe, nomic, laths
yores, muzak, flint
keros, gault, mincy
draps, nomic, gulet
mohua, grews, flint
gipsy, noter, muzak
lipas, noter, vughy
whift, cause, prong
peaky, nomic, wurst
payed, nomic, wurst
tilak, mused, crown
acorn, mused, whity
bleat, nomic, rushy
table, nomic, rushy
mandi, queys, broth
quine, claps, broth
caids, noter, fugly
cloam, rudes, nifty
tubed, nomic, warps
purge, nomic, laths
timps, alure, honky
ragus, nomic, lythe
moust, raven, flick
airth, mused, flown
kadis, noter, fugly
wager, nomic, bhuts
swapt, nomic, urged
bahts, nomic, urged
gryke, nomic, tapus
segni, muzak, broth
routh, cadis, newly
orval, mused, nifty
fetus, nomic, parky
viner, claps, doubt
prowl, cause, nifty
among, rudes, lytic
clags, biome, runty
raits, globe, cundy
stork, cagey, unhip
coupe, triad, hymns
stump, raven, logic
zones, triad, fugly
burnt, cadis, goyle
prost, muzak, deign
anils, urged, mothy
heapy, nomic, wurst
bliny, cause, tromp
barps, nomic, gulet
unais, globe, crwth
talus, nomic, grype
tenor, cadis, fugly
exalt, nomic, rushy
runts, milko, cagey
merks, gault, bidon
agrin, mused, jolty
mains, urged, jolty
fonly, cause, birth
grain, mused, jolty
tapus, nomic, beryl
frack, mused, biont
fitna, mused, rocky
valis, noter, mucky
vires, muzak, poynt
kiers, gault, pownd
goral, mused, nifty
muhly, cadis, noter
mourn, cadis, lythe
yacht, mused, proin
salut, nomic, grype
fount, cadis, beryl
rites, muzak, flown
azury, nomic, khets
batch, mused, proin
trial, mused, honky
samfu, noter, child
amins, urged, jolty
stile, muzak, crown
tides, muzak, crown
koras, gulet, mincy
senor, muzak, lytic
grein, claps, doubt
capon, mused, birth
cukes, triad, flown
unapt, milko, grews
hayed, nomic, wurst
ursid, globe, twank
frush, nomic, pated
ering, claps, doubt
syrah, nomic, gulet
guest, nomic, parky
cages, milko, runty
munga, khets, livor
duits, raven, cymol
platy, nomic, rudes
moras, gulet, chink
hijra, mused, poynt
query, nomic, laths
minar, queys, docht
swail, noter, vughy
hajis, noter, fugly
cavie, gowfs, runty
debur, nomic, laths
quint, claps, bored
stear, nomic, fugly
cadis, noter, fugly
linac, mused, broth
trail, mused, honky
hilar, mused, poynt
mason, urged, lytic
lofty, cause, grind
unset, milko, crapy
tinds, alure, whomp
niefs, muzak, broth
inker, claps, doubt
neuks, triad, cymol
style, nomic, purda
cornu, pated, skivy
lotus, mirex, bhang
iambs, noter, fugly
dingy, cause, broth
facer, milko, bunts
lutes, nomic, parky
perks, nomic, gault
piste, muzak, crown
tauon, riems, glyph
stain, urged, cymol
algor, mused, nifty
tofus, mirex, bhang
stupa, nomic, beryl
leady, nomic, wurst
darbs, nomic, gulet
bluey, nomic, strag
algum, snoek, birth
knops, triad, muley
danio, queys, crwth
pulmo, cadis, brent
louse, triad, nymph
opens, triad, fugly
ymolt, cause, grind
boras, gulet, mincy
drift, cause, honky
ramet, gowfs, unhip
recks, gault, bidon
gurls, nomic, pated
tuner, cadis, folky
ponga, mused, birth
inure, claps, mothy
lytic, mused, borna
snirt, muzak, globe
saint, urged, cymol
birse, muzak, poynt
unite, claps, forky
indue, claps, broth
scuft, milko, raven
gloam, rudes, nifty
molas, urged, nifty
lores, muzak, nifty
draco, queys, flint
pavis, noter, fugly
thrip, cause, flown
brunt, cadis, goyle
quant, milko, grews
smeik, gault, crown
cobra, mused, flint
paiks, noter, fugly
furca, snoek, width
trews, nomic, quaky
luxed, nomic, strag
daunt, milko, grews
coths, alure, zinky
mythi, cause, prong
vints, alure, whomp
stroy, muzak, deign
items, quaky, crown
doucs, mirex, twank
plink, cause, broth
ungod, riems, yacht
hakim, rudes, poynt
bafts, nomic, urged
gnome, cadis, turfy
whamo, rudes, flint
nomas, urged, lytic
ramin, queys, docht
draws, nomic, gulet
amove, frits, lunch
lynes, triad, pubco
yulan, riems, docht
rices, muzak, poynt
kalis, noter, vughy
ngoma, rudes, lytic
sambo, urged, flint
vaunt, milko, grews
hoers, muzak, flint
yites, muzak, crown
fitly, cause, prong
chare, milko, bunts
erupt, nomic, waqfs
hours, pated, mincy
shrug, nomic, pated
ogles, triad, funky
yages, nomic, thurl
leapt, nomic, rushy
ganof, mused, birth
fenis, muzak, broth
omers, quaky, flint
slier, muzak, poynt
fumes, triad, honky
unfit, claps, bored
zoist, alure, nymph
panty, mused, livor
korus, pated, mincy
tulip, snoek, awmry
kazis, noter, fugly
scout, mirex, bhang
finer, claps, doubt
varec, milko, bunts
smolt, raven, cupid
blunt, cadis, mover
dinky, cause, broth
quern, cadis, jolty
indol, cause, grypt
thirl, cause, pownd
resow, muzak, flint
knurl, cadis, gemot
renal, micks, doubt
yuked, nomic, strag
hoser, muzak, flint
tombs, alure, chink
larks, nomic, duvet
dines, muzak, broth
tauld, nomic, grews
jarul, nomic, khets
witch, mused, borna
magus, noter, flick
tyres, nomic, blaud
gaucy, snoek, birth
ranch, mused, bigot
onely, cadis, thrum
trone, cadis, fugly
rangi, mused, jolty
udons, mirex, yacht
begin, claps, routh
swire, muzak, poynt
width, cause, prong
monty, cause, whirl
dault, nomic, grews
noway, mused, birth
gazon, mused, birth
bhats, nomic, urged
beaky, nomic, wurst
yards, nomic, gulet
kiefs, gault, crown
lifer, muzak, tongs
stoic, alure, nymph
maist, urged, honky
unica, khets, frowy
thorp, cause, blind
awork, mused, flint
pyats, nomic, urged
alifs, noter, vughy
risen, muzak, jolty
lubra, nomic, khets
could, riems, twank
cargo, mused, flint
oaken, frits, vughy
wafts, nomic, urged
torch, mused, kanji
okras, gulet, mincy
quist, raven, cymol
suint, globe, crapy
bayed, nomic, wurst
shine, muzak, porty
scapi, noter, fugly
jutes, nomic, parky
spine, muzak, broth
lubed, nomic, strag
almud, snoek, birth
runty, cadis, globe
burls, nomic, pated
wring, cause, jolty
reiks, gault, pownd
fakir, mused, poynt
wrapt, nomic, queys
sdein, muzak, broth
sucre, milko, thang
email, gowfs, runty
asdic, noter, fugly
baron, mused, lytic
soler, muzak, nifty
plumb, cadis, noter
raupo, khets, mincy
gaurs, nomic, lythe
rebuy, nomic, laths
snath, milko, urged
suent, milko, crapy
siker, gault, pownd
young, cadis, blert
wiser, muzak, poynt
glias, noter, mucky
finca, mused, broth
virus, pated, honky
bardo, queys, flint
bawty, nomic, rudes
stung, milko, yerba
ruths, nomic, gable
chair, mused, poynt
vaute, nomic, fyrds
simba, noter, fugly
parti, mused, honky
about, riems, lynch
ludos, mirex, twank
luter, nomic, waqfs
loups, triad, wench
exult, nomic, warps
shiva, noter, fugly
slaty, nomic, urged
reign, claps, doubt
urped, nomic, laths
mohel, cadis, runty
caver, milko, bunts
prads, nomic, gulet
tuans, milko, grype
aking, mused, broth
brain, mused, jolty
yerks, nomic, gault
nikab, mused, porty
nikau, lomes, grypt
sault, nomic, grype
karsy, nomic, gulet
teugh, nomic, warps
tolus, mirex, bhang
maids, noter, fugly
sprag, nomic, duvet
silen, muzak, broth
tuxes, nomic, parky
orgic, mused, twank
boyar, mused, flint
kraut, nomic, plebs
ghost, alure, mincy
hones, triad, fugly
omits, alure, chynd
uneth, cadis, forky
furze, nomic, laths
sithe, muzak, crown
tulsi, raven, whomp
ovary, mused, flint
wrath, nomic, queys
aches, milko, runty
cedar, milko, bunts
sorel, muzak, nifty
nurdy, milko, tawse
carex, milko, bunts
dicts, alure, honky
kaids, noter, fugly
syver, nomic, gault
sowth, alure, mincy
wingy, cause, broth
powny, cause, birth
fasci, noter, vughy
puker, nomic, laths
jakey, nomic, wurst
degas, nomic, turfy
large, nomic, bhuts
pareu, nomic, kydst
snift, alure, whomp
dints, alure, whomp
gebur, nomic, laths
grace, milko, bunts
curat, snoek, flimp
vegos, triad, lunch
forty, cause, blind
blurs, nomic, pated
triad, snoek, fugly
shtup, nomic, yerba
supra, nomic, lythe
haute, nomic, fyrds
ribes, muzak, poynt
beaut, nomic, fyrds
solar, muxed, nifty
truck, biome, gnash
youth, cadis, kreng
tawny, mused, livor
pilus, noter, mawky
kores, gault, mincy
infra, mused, jolty
fetwa, nomic, rushy
loric, mused, twank
joist, alure, nymph
quays, nomic, blert
goris, pated, lunch
penis, muzak, broth
nosed, muzak, birth
gompa, rudes, flint
regal, nomic, bhuts
sigma, noter, pluck
loges, triad, funky
cuter, milko, gnash
ebons, triad, fugly
lipos, muzak, brent
maron, queys, width
grape, nomic, bhuts
oxers, muzak, flint
milds, noter, quaky
festy, nomic, jural
omega, frits, lunch
tuber, nomic, waqfs
mercy, lants, bijou
tsuba, nomic, grype
faros, gulet, mincy
rudes, nomic, thawy
gated, nomic, rushy
basic, noter, fugly
drays, nomic, gulet
finds, alure, mothy
draft, nomic, queys
mifty, cause, prong
frets, nomic, quaky
wispy, noter, muzak
savor, gulet, mincy
towns, alure, zymic
tumid, snoek, crapy
umrah, snoek, lytic
halon, mused, grift
ariot, mused, lynch
sited, muzak, crown
octyl, mused, abrin
saunt, milko, grype
caron, mused, whity
vails, noter, mucky
zonal, mused, birth
coure, lants, wimpy
mulga, snoek, birth
cines, muzak, broth
stoke, abrin, fugly
garth, nomic, queys
pitas, urged, honky
gazer, nomic, bhuts
manos, urged, lytic
shire, muzak, poynt
orach, mused, flint
yauds, nomic, blert
rusma, globe, nifty
jarps, nomic, gulet
crump, snoek, faith
queys, nomic, kraft
segno, triad, plumb
parvo, mused, flint
built, snoek, crapy
auger, nomic, kydst
wires, muzak, poynt
reams, fugly, biont
latke, nomic, rushy
lingy, cause, broth
night, cause, forky
poney, cadis, thrum
sharp, nomic, gulet
pyins, alure, docht
fours, pated, mincy
cores, muzak, flint
suber, nomic, thawy
fetal, nomic, rushy
losen, triad, vughy
rotan, mused, flick
balun, riems, docht
recap, milko, bunts
joram, queys, flint
ichor, mused, twank
actin, mused, forky
mural, snoek, width
count, riems, blady
tehrs, nomic, quaky
glams, noter, cupid
grued, nomic, laths
souct, mirex, bhang
tsubo, mirex, clank
wites, muzak, prong
denar, milko, scuft
skive, gault, crown
ryots, muzak, deign
humpy, cadis, noter
kaput, nomic, grews
borna, mused, lytic
skyer, nomic, gault
snout, mirex, cadgy
raven, milko, scuft
skail, noter, vughy
skein, gault, frowy
tapen, milko, rushy
roams, gulet, chink
harps, nomic, gulet
ayelp, nomic, wurst
board, queys, flint
kulan, riems, docht
yowes, triad, lunch
stogy, alure, chink
djins, alure, mothy
volae, micks, runty
spink, alure, docht
wonky, cause, birth
weirs, muzak, poynt
lints, muzak, bored
saick, noter, fugly
urite, claps, honky
blate, nomic, rushy
barks, nomic, gulet
unlet, cadis, forky
miens, quaky, broth
nosey, triad, plumb
pulse, nomic, kraft
sarky, nomic, gulet
culet, kayos, grind
thuja, nomic, grews
pushy, nomic, tawer
guans, milko, twerp
pukey, nomic, strag
blond, cause, firth
kraft, nomic, queys
pyots, alure, chink
geums, triad, honky
volar, mused, nifty
beins, muzak, porty
sepoy, triad, lunch
dreys, nomic, gault
goths, alure, mincy
pinta, mused, rocky
croak, mused, flint
typic, mused, borna
tways, nomic, urged
arums, globe, nifty
prose, muzak, flint
donsy, alure, thick
oscar, gulet, zinky
moths, alure, zinky
whids, noter, muzak
rudas, nomic, lythe
holes, triad, bungy
horas, gulet, mincy
cruet, milko, gnash
upsey, nomic, kraft
wimps, noter, quaky
satem, rocky, unhip
rotch, mused, kanji
nagor, mused, lytic
strag, nomic, puled
fines, muzak, broth
mihas, noter, fugly
tunas, milko, grype
aunty, milko, grews
lated, nomic, rushy
maiks, noter, fugly
gloms, pated, rubin
humas, noter, flick
treyf, nomic, quags
yates, nomic, burgh
meins, quaky, broth
mauds, noter, flick
lager, nomic, bhuts
uncle, triad, gowfs
buist, raven, cymol
atrip, mused, honky
pinky, cause, broth
feist, muzak, crown
thack, mused, proin
month, cause, ridgy
mints, alure, pocky
krona, mused, lytic
celts, muzak, proin
dauts, nomic, beryl
foins, pated, crumb
dants, milko, pucer
spued, nomic, kraft
quits, raven, cymol
bluds, nomic, tawer
grave, nomic, bhuts
emits, quaky, crown
tifos, alure, nymph
moxas, urged, flint
sofar, gulet, mincy
clout, riems, bhang
saury, nomic, delft
adust, nomic, beryl
triol, cause, nymph
rimus, pated, honky
carns, milko, duvet
crudy, snoek, faith
flint, cause, rowdy
jurat, nomic, plebs
gores, muzak, flint
score, muzak, flint
tenia, gowfs, crumb
abhor, mused, flint
sorex, muzak, flint
ulans, biome, grypt
incus, pated, forky
doser, muzak, flint
pouch, riems, twank
pruta, nomic, fleys
haros, gulet, mincy
malik, rudes, poynt
targe, nomic, shlub
grufe, nomic, laths
anime, gowfs, truck
uredo, claps, nifty
skied, gault, crown
yuans, milko, twerp
baits, urged, honky
pubco, riems, twank
onces, triad, fugly
zayin, mused, broth
yetis, muzak, crown
dirks, gault, women
odist, alure, nymph
horal, mused, nifty
royst, muzak, deign
kurta, nomic, plebs
redux, nomic, laths
noule, cadis, grypt
zilas, noter, vughy
mirth, cause, flown
dowts, alure, mincy
stipe, muzak, crown
loins, pated, crumb
stunk, biome, crapy
skier, gault, pownd
muset, abrin, folky
trild, cause, honky
thorn, cause, flimp
lumen, cadis, broth
hinau, lomes, grypt
genom, cadis, turfy
potch, mused, abrin
surat, nomic, gyved
lumpy, cadis, noter
zeins, quaky, broth
pseud, nomic, kraft
marts, globe, unhip
kerfs, nomic, gault
video, claps, runty
spoil, muzak, brent
cared, milko, bunts
ceros, muzak, flint
musar, globe, nifty
gatch, mused, proin
uncia, khets, frowy
waurs, nomic, lythe
motis, alure, chynd
poral, mused, nifty
culpa, snoek, birth
coney, triad, jumps
carbo, mused, flint
tyran, mused, logic
bough, cadis, prent
tuism, raven, colby
donut, riems, bylaw
twals, nomic, urged
carny, mused, bigot
unget, cadis, forky
scoup, triad, hymen
patus, nomic, beryl
turns, milko, cagey
voxel, cadis, runty
upled, nomic, strag
resty, nomic, blaud
pards, nomic, gulet
whole, cadis, runty
geist, muzak, crown
unwit, claps, bored
begun, cadis, porty
hault, nomic, grews
sport, muzak, deign
thans, milko, urged
jural, nomic, khets
turks, nomic, gable
fogle, cadis, runty
shtum, raven, logic
visne, muzak, broth
rowdy, cause, flint
apron, mused, lytic
shalm, noter, cupid
grubs, nomic, pated
ulnae, micks, broth
veins, muzak, broth
liens, muzak, broth
owsen, triad, fugly
edits, muzak, crown
leaky, nomic, wurst
shyer, nomic, gault
squit, raven, cymol
latch, mused, proin
piano, mused, crwth
monal, rudes, thick
noils, pated, crumb
gyron, cause, width
teary, nomic, vughs
dicty, snoek, jural
burke, nomic, laths
chase, milko, runty
begat, nomic, rushy
silva, noter, mucky
tykes, nomic, jural
talcy, mused, proin
artic, mused, honky
strep, nomic, quaky
picas, noter, fugly
twiny, cause, brogh
goels, triad, funky
roves, muzak, flint
velar, nomic, bhuts
brush, nomic, pated
today, riems, lunch
doups, mirex, twank
amuse, rocky, flint
sixte, muzak, crown
ovens, triad, fugly
hayle, nomic, wurst
nelis, muzak, broth
daint, queys, frock
range, milko, scuft
batik, mused, crown
bayes, nomic, thurl
ogive, claps, runty
grade, nomic, bhuts
ruins, pated, cymol
fitch, mused, borna
bhuts, nomic, deary
nodus, mirex, yacht
wanty, mused, livor
raged, nomic, bhuts
dryas, nomic, gulet
meynt, cadis, flour
prest, nomic, quaky
canid, queys, broth
getup, nomic, warbs
thaws, nomic, urged
acing, mused, broth
phage, nomic, wurst
dearn, milko, scuft
amyls, noter, cupid
amine, gowfs, truck
ulpan, riems, docht
china, mused, porty
clash, biome, runty
vasty, nomic, urged
nowts, alure, zymic
lumas, noter, vichy
taupe, nomic, fyrds
camis, noter, fugly
fiers, muzak, poynt
fondu, riems, yacht
tyers, nomic, blaud
douar, khets, mincy
spiny, alure, docht
sonar, gulet, zymic
skyre, nomic, gault
perts, nomic, quaky
doura, khets, mincy
pesty, nomic, jural
sitar, globe, cundy
salix, noter, vughy
vowel, cadis, runty
sopra, gulet, mincy
curns, pated, milko
wadis, noter, fugly
fruit, snoek, lamby
abrin, mused, jolty
quasi, noter, lymph
fiats, urged, honky
brant, mused, logic
quais, noter, lymph
sonce, triad, fugly
nould, riems, yacht
bunty, cadis, prole
purda, nomic, khets
plumy, cadis, noter
pulis, noter, mawky
docht, queys, abrin
moans, urged, lytic
rifty, cause, pownd
bhais, noter, fugly
rugal, nomic, khets
grise, muzak, poynt
carol, mused, nifty
turme, cadis, honky
stick, alure, pownd
dunam, khets, livor
notal, mused, wrick
inarm, queys, docht
armet, gowfs, unhip
tichy, mused, borna
trans, milko, cubed
abyes, nomic, thurl
storm, quaky, deign
infos, pated, crumb
pyres, nomic, gault
flirt, cause, honky
petal, nomic, rushy
metis, quaky, crown
claes, birth, ponzu
coram, queys, flint
mares, fugly, biont
pongy, cause, birth
slain, urged, mothy
loran, mused, thick
spray, nomic, gulet
prunt, cadis, globe
whiny, cause, tromp
reins, muzak, jolty
trema, gowfs, unhip
rheum, cadis, poynt
quilt, snoek, crapy
miaul, snoek, grypt
touse, abrin, lymph
mikva, rudes, poynt
franc, mused, bigot
ixnay, mused, broth
irate, gowfs, lunch
twirl, cause, honky
spyre, nomic, gault
narcs, milko, duvet
brads, nomic, gulet
prune, cadis, jolty
rhies, muzak, poynt
rache, milko, bunts
winds, alure, mothy
major, queys, flint
butle, nomic, warps
docks, alure, nifty
phony, cause, grift
aunts, milko, grype
musth, raven, logic
diyas, noter, plumb
obits, alure, nymph
verst, nomic, quaky
ovels, triad, bungy
tabus, nomic, grype
ovist, alure, nymph
afrit, mused, honky
coypu, riems, twank
whorl, cause, nifty
tipsy, alure, gonch
toran, mused, flick
laths, nomic, urged
loave, micks, runty
oncet, muzak, dirls
jarls, nomic, duvet
xrays, nomic, gulet
swamy, noter, ludic
lites, muzak, crown
absit, urged, honky
julep, nomic, strag
croft, mused, kanji
twins, alure, comfy
manus, globe, dirty
witan, mused, rocky
vitas, urged, honky
gotch, mused, abrin
ticks, alure, pownd
busti, raven, cymol
morph, cause, flint
durst, nomic, gable
rebus, nomic, thawy
paten, milko, rushy
ahint, mused, rocky
knots, alure, zymic
bogie, claps, runty
tarns, milko, cubed
tiles, muzak, crown
gaids, noter, plumb
moues, triad, lynch
pisky, noter, blaud
staun, milko, grype
ictus, raven, folky
rosed, muzak, flint
burin, pated, gowfs
cains, urged, jolty
joust, mirex, bhang
taser, nomic, fugly
abysm, noter, ludic
scudi, noter, lamby
brash, nomic, gulet
yrent, cadis, mogul
ancho, mused, grift
baths, nomic, urged
glute, nomic, warps
basil, noter, vughy
toras, muley, chink
exist, muzak, crown
wordy, cause, flint
istle, muzak, crown
clone, triad, jumps
robes, muzak, flint
uptak, nomic, grews
vants, milko, urged
cones, triad, fugly
bants, milko, urged
walis, noter, vughy
turfs, nomic, gable
cymes, triad, ponzu
dough, riems, twank
arpen, milko, scuft
novel, cadis, thrum
unrig, pated, smoky
yeast, nomic, burgh
parol, mused, nifty
vials, noter, mucky
mater, gowfs, unhip
luted, nomic, warps
bards, nomic, gulet
bores, muzak, flint
puled, nomic, strag
rusty, nomic, gable
yamun, khets, livor
resin, muzak, jolty
puzel, nomic, strag
resit, muzak, flown
aeons, fugly, birth
spard, nomic, gulet
tupik, lomes, ranch
curet, milko, gnash
mosey, triad, lunch
flips, noter, muzak
grunt, cadis, moyle
pengo, cadis, thrum
burse, nomic, thawy
bayle, nomic, wurst
rants, milko, cubed
cyano, mused, birth
korma, queys, flint
smout, raven, flick
thrid, cause, flown
tepal, nomic, rushy
odium, claps, brent
sinew, muzak, broth
wants, milko, urged
buiks, pated, crown
swami, noter, fugly
uplit, snoek, awmry
puton, cadis, beryl
mauzy, snoek, birth
phuts, nomic, yerba
thank, mused, livor
aumil, snoek, grypt
beady, nomic, wurst
zarfs, nomic, gulet
newsy, milko, curat
ulnas, biome, grypt
spume, triad, honky
baurs, nomic, lythe
flump, cadis, noter
sieth, muzak, crown
stray, nomic, puled
heirs, muzak, poynt
boney, cadis, thrum
dript, cause, honky
oundy, riems, clapt
stipa, urged, honky
cries, muzak, poynt
laver, nomic, bhuts
layin, mused, broth
nizam, rudes, jolty
manic, rudes, jolty
stulm, raven, hyoid
comal, rudes, nifty
unhat, milko, grews
fling, cause, broth
usnea, milko, grypt
plims, noter, quaky
bursa, nomic, lythe
tophs, alure, mincy
pulik, noter, bachs
dorky, cause, flint
fural, nomic, khets
bingy, cause, tromp
gayer, nomic, bhuts
bumpy, cadis, noter
spalt, nomic, urged
scudo, mirex, twank
rhody, cause, flint
milts, raven, pubco
since, muzak, broth
goers, muzak, flint
jails, noter, vughy
niger, claps, doubt
laevo, micks, runty
matin, rudes, colby
incur, pated, gowfs
rugae, nomic, kydst
bimas, noter, fugly
snoep, triad, fugly
etics, muzak, prong
eruct, milko, gnash
denis, muzak, broth
phots, alure, mincy
styme, abrin, gouch
natch, mused, livor
kuias, noter, lymph
triac, mused, honky
blind, cause, porty
swopt, alure, mincy
clary, mused, biont
tragi, mused, honky
gamps, noter, ludic
arson, gulet, zymic
decks, gault, proin
cants, milko, urged
stive, muzak, crown
yurts, nomic, gable
wards, nomic, gulet
mudra, snoek, lytic
serin, muzak, jolty
thraw, nomic, queys
unpeg, cadis, broth
quate, nomic, fyrds
coarb, mused, flint
liart, mused, honky
chais, noter, fugly
qadis, noter, fugly
brink, cause, jolty
kails, noter, vughy
marse, fugly, biont
artsy, nomic, puled
flown, cause, birth
ngaio, mused, crwth
ropes, muzak, flint
sheol, triad, bungy
kaing, mused, broth
pokie, lants, crumb
wamus, noter, flick
besti, muzak, crown
rushy, nomic, pated
flute, nomic, warps
piths, alure, downy
hants, milko, urged
gaumy, snoek, birth
pacer, milko, bunts
sonde, muzak, birth
carob, mused, flint
carve, milko, bunts
wrest, nomic, quaky
caper, milko, bunts
roupy, cadis, glent
lyams, noter, cupid
reink, claps, doubt
serif, muzak, poynt
globe, cadis, runty
gades, nomic, turfy
futon, cadis, beryl
vertu, nomic, waqfs
servo, muzak, flint
kytes, nomic, jural
ngati, mused, rocky
fiest, muzak, crown
sowar, gulet, mincy
sound, mirex, yacht
flued, nomic, strag
lieus, rocky, thang
nifty, cause, growl
teams, rocky, unhip
mingy, cause, broth
sixth, alure, pownd
omrah, queys, flint
chump, snoek, triad
longe, cadis, thrum
yelts, nomic, purda
rumen, cadis, jolty
cauld, snoek, birth
mount, cadis, beryl
haole, micks, runty
blude, nomic, strag
nopal, mused, birth
crown, mused, faith
jumby, cadis, noter
spial, noter, vughy
roans, gulet, zymic
tonic, mused, parky
bahut, nomic, grews
crape, milko, bunts
cairn, mused, jolty
surgy, nomic, pated
glove, cadis, runty
orang, mused, lytic
duets, nomic, parky
longa, mused, birth
hikes, gault, crown
ablet, nomic, rushy
unrid, claps, gemot
brise, muzak, poynt
visto, alure, nymph
dormy, cause, flint
neifs, muzak, broth
yapon, mused, birth
corgi, mused, twank
urman, khets, logic
dogie, claps, runty
groma, queys, flint
jowar, mused, flint
agism, noter, pluck
using, pated, rocky
porny, cause, width
dorba, queys, flint
ampul, snoek, birth
carts, milko, nudge
yonic, mused, kraft
godet, claps, rubin
iftar, mused, honky
runic, pated, gowfs
faiks, noter, vughy
loser, muzak, nifty
houts, mirex, clank
sugar, nomic, lythe
steil, muzak, crown
dowar, queys, flint
swine, muzak, broth
antsy, milko, urged
viand, queys, broth
tapir, mused, honky
spicy, noter, muzak
stoai, urged, lynch
hosel, triad, bungy
lough, cadis, brent
tares, nomic, fugly
rouls, pated, mincy
corse, muzak, flint
anglo, mused, birth
chals, biome, runty
flong, cause, birth
syboe, triad, lunch
sahib, noter, fugly
cento, muzak, dirls
aloes, birth, cundy
dulia, snoek, grypt
varus, nomic, lythe
cures, milko, thang
tamis, urged, honky
kaifs, noter, vughy
musca, noter, hiply
mites, quaky, crown
talky, nomic, rudes
drent, milko, quags
inula, khets, frowy
piets, muzak, crown
fards, nomic, gulet
motey, cadis, brung
astun, milko, grype
lepta, nomic, rushy
ducal, snoek, birth
pubis, noter, mawky
orcas, gulet, zinky
tranq, mused, logic
stime, quaky, crown
mauls, noter, vichy
perst, nomic, quaky
mould, khets, abrin
sewin, muzak, broth
seron, muzak, lytic
rotal, mused, chink
owres, muzak, flint
skort, cagey, unhip
pumas, noter, flick
burks, nomic, pated
stewy, nomic, jural
tabis, urged, honky
exits, muzak, crown
gript, cause, honky
cuits, raven, folky
mores, quaky, flint
brose, muzak, flint
rolag, mused, nifty
dynes, milko, curat
hoied, claps, runty
wheal, nomic, burst
musty, raven, logic
duros, cagey, flint
tules, nomic, parky
manet, gowfs, durzi
homas, urged, flint
filer, muzak, tongs
padis, noter, fugly
tryma, snoek, ludic
kafir, mused, poynt
egads, nomic, turfy
tyler, nomic, quags
soken, triad, fugly
kutch, riems, lowan
rubes, nomic, thawy
garni, mused, jolty
caups, milko, brent
debut, nomic, warps
cager, milko, bunts
plouk, cadis, brent
teils, muzak, crown
geoid, claps, runty
tamer, gowfs, unhip
turfy, nomic, pales
knuts, biome, crapy
infer, claps, doubt
boars, gulet, mincy
dobra, queys, flint
furls, nomic, pated
gites, muzak, crown
farts, nomic, puled
urent, cadis, folky
quins, pated, rocky
compt, rudes, kanji
aduki, noter, psych
skint, alure, whomp
terfs, nomic, quaky
upter, nomic, waqfs
luces, triad, honky
munis, pated, rocky
anger, milko, scuft
caums, noter, hiply
deist, muzak, crown
think, cause, frowy
skiey, gault, crown
alecs, birth, ponzu
hoars, gulet, mincy
styed, nomic, jural
enows, triad, fugly
swath, nomic, urged
urvas, nomic, lythe
umras, globe, nifty
senvy, milko, curat
weros, muzak, flint
airts, globe, cundy
rumes, cnida, jolty
zygon, cause, birth
biers, muzak, poynt
dimps, noter, quaky
liers, muzak, poynt
patin, mused, rocky
spark, nomic, gulet
macho, rudes, flint
kaims, noter, fugly
piezo, lants, crumb
limps, noter, quaky
tegua, nomic, fyrds
pings, alure, docht
maund, khets, livor
torsk, cagey, unhip
proyn, cause, width
pager, nomic, bhuts
ousel, triad, nymph
mavis, noter, fugly
kydst, nomic, alure
along, mused, birth
pours, cagey, flint
arets, nomic, fugly
gluts, nomic, yerba
parks, nomic, gulet
duper, nomic, laths
acred, milko, bunts
helos, triad, bungy
fogie, claps, runty
frati, mused, honky
goary, mused, flint
situp, raven, cymol
lohan, mused, grift
yearn, milko, scuft
gloze, cadis, runty
waits, urged, honky
truly, nomic, hajes
brith, cause, flown
afros, gulet, mincy
rones, muzak, lytic
noisy, pated, crumb
lusty, nomic, debar
tolan, mused, wrick
knosp, triad, muley
sower, muzak, flint
adsum, noter, flick
lenis, muzak, broth
rowan, mused, lytic
bytes, nomic, jural
rohes, muzak, flint
frays, nomic, gulet
golem, cadis, runty
sicht, alure, pownd
gitch, mused, borna
typal, nomic, rudes
chits, alure, pownd
archi, mused, poynt
spitz, alure, honky
yules, nomic, kraft
orant, mused, flick
pines, muzak, broth
lakin, mused, broth
riant, mused, colby
sorda, gulet, mincy
mouse, triad, lynch
knarl, mused, bigot
lunts, biome, crapy
rudis, globe, twank
tyros, muzak, deign
morse, quaky, flint
gaunt, milko, screw
rules, nomic, thawy
dites, muzak, crown
enact, milko, rushy
glaum, snoek, birth
sapid, noter, fugly
camos, urged, flint
wries, muzak, poynt
fries, muzak, poynt
great, nomic, shlub
peons, triad, fugly
yarco, mused, flint
plats, nomic, urged
uteri, claps, honky
roles, muzak, nifty
siver, muzak, poynt
ouphs, triad, newly
nails, urged, mothy
stalk, nomic, urged
aster, nomic, fugly
clogs, pated, rubin
crost, muzak, deign
frise, muzak, poynt
quats, nomic, beryl
loves, triad, bungy
borax, mused, flint
gyred, nomic, tapus
blart, nomic, queys
aglet, nomic, rushy
poesy, triad, lunch
taros, muley, chink
twank, mused, livor
gater, nomic, shlub
crimp, snoek, gault
mulse, triad, honky
toric, mused, bhang
resat, nomic, fugly
copra, mused, flint
qubit, snoek, crapy
mazut, snoek, ridgy
benis, muzak, porty
conge, triad, jumps
frown, cause, dight
orles, muzak, nifty
warps, nomic, gulet
mowra, queys, flint
islet, muzak, crown
being, claps, routh
smite, quaky, crown
bawrs, nomic, gulet
scran, milko, duvet
zeros, quaky, flint
tyred, nomic, quags
rojak, mused, flint
forth, cause, blind
ravey, nomic, bhuts
bronc, mused, faith
pelta, nomic, rushy
soman, urged, lytic
regna, milko, scuft
layed, nomic, wurst
zesty, nomic, jural
goxes, triad, lunch
linos, pated, crumb
wavey, nomic, burst
fritz, cause, honky
bruit, snoek, cadgy
yonis, pated, crumb
mates, rocky, unhip
salue, nomic, grypt
farls, nomic, duvet
zambo, rudes, flint
shaft, nomic, urged
undam, khets, livor
hasty, nomic, urged
cloth, mused, abrin
gales, nomic, turfy
strew, nomic, quaky
whips, noter, muzak
drabs, nomic, gulet
bumps, triad, onely
prude, nomic, laths
heady, nomic, wurst
rives, muzak, poynt
aptly, nomic, rudes
doits, alure, nymph
nutsy, milko, debar
yucas, milko, brent
spiky, noter, blaud
judos, mirex, twank
pucer, milko, gants
labor, mused, nifty
urine, claps, mothy
cunit, lomes, parky
watch, mused, proin
cites, muzak, prong
misty, alure, pownd
paint, mused, rocky
vying, cause, broth
world, cause, nifty
mikes, gault, crown
gecks, triad, ponzu
yodhs, alure, twink
plues, nomic, kraft
punka, riems, jolty
orals, muxed, nifty
incut, lomes, parky
turms, globe, cnida
print, cause, folky
loams, urged, nifty
suety, nomic, graph
inbye, claps, routh
grovy, cause, flint
boric, mused, twank
noser, muzak, lytic
peavy, nomic, wurst
roads, gulet, mincy
sampi, noter, fugly
thigs, alure, pownd
times, quaky, crown
inapt, mused, rocky
pongs, triad, muley
surfy, nomic, pated
snipy, alure, docht
tubar, nomic, fleys
stowp, alure, mincy
ileac, gowfs, runty
tubae, nomic, fyrds
mutis, raven, colby
ostia, urged, lynch
geits, muzak, crown
riven, claps, doubt
pants, milko, urged
south, mirex, clank
entia, gowfs, crumb
stone, muzak, ridgy
amity, snoek, lurch
cutey, milko, rands
dunce, milko, strag
palis, noter, vughy
sohur, pated, mincy
sarod, gulet, mincy
laces, birth, ponzu
duars, nomic, lythe
grift, cause, honky
skyte, nomic, jural
whale, nomic, burst
minae, gowfs, truck
agley, nomic, wurst
yeahs, nomic, blurt
trues, nomic, blady
trays, nomic, puled
fubar, nomic, khets
warbs, nomic, gulet
amrit, snoek, fugly
tuple, nomic, warbs
bikes, gault, crown
dings, alure, mothy
bites, muzak, crown
sixty, alure, pownd
burgs, nomic, pated
goura, khets, mincy
meson, triad, fugly
stare, nomic, fugly
paren, milko, scuft
caput, snoek, ridgy
coden, muzak, frits
unwet, cadis, forky
steam, rocky, unhip
aulic, snoek, grypt
roups, cagey, flint
arcos, gulet, zinky
voema, frits, lunch
bravo, mused, flint
sudor, cagey, flint
chant, mused, livor
manis, urged, jolty
cruft, snoek, vapid
yokul, cadis, brent
crise, muzak, poynt
aleft, nomic, rushy
tokes, abrin, fugly
wolve, cadis, runty
monad, queys, birth
noter, cadis, fugly
minas, urged, jolty
sober, muzak, flint
gumbo, cadis, prent
touns, mirex, cadgy
drink, cause, jolty
micas, noter, fugly
eusol, triad, nymph
sehri, muzak, poynt
etuis, rocky, bhang
guars, nomic, lythe
smowt, alure, chink
befog, cadis, runty
roins, pated, fugly
wines, muzak, broth
cruve, milko, gants
vapor, mused, flint
toner, cadis, fugly
kumis, pated, crown
cesti, muzak, prong
emong, cadis, turfy
adult, nomic, grews
chias, noter, fugly
burst, nomic, waved
brane, milko, scuft
tousy, mirex, bhang
moers, quaky, flint
deros, muzak, flint
groan, mused, lytic
rhine, claps, doubt
faurd, nomic, khets
snail, urged, mothy
fouds, mirex, twank
orcin, mused, thawy
rainy, mused, cloth
gauch, snoek, dirty
kiang, mused, broth
duple, nomic, strag
anted, milko, rushy
kerbs, nomic, gault
admin, queys, broth
cubit, snoek, awmry
fraps, nomic, gulet
hying, cause, tromp
touks, mirex, bhang
tumps, raven, logic
kylin, cause, broth
lobar, mused, nifty
morts, quaky, deign
plast, nomic, urged
butes, nomic, parky
astir, globe, cundy
buyer, nomic, laths
trock, mused, anvil
tiyns, alure, whomp
divna, queys, broth
stonk, alure, zymic
recto, muzak, whins
haunt, milko, grews
ratus, nomic, gyved
lunes, triad, whomp
tonus, mirex, cadgy
yojan, mused, birth
roach, mused, flint
fault, nomic, grews
yager, nomic, bhuts
sluit, raven, whomp
kitul, raven, gowfs
nifes, muzak, broth
geals, nomic, turfy
rebut, nomic, waqfs
dyers, nomic, gault
yupon, cadis, blert
ryals, nomic, duvet
salty, nomic, urged
scaup, milko, brent
berks, nomic, gault
pilau, snoek, crwth
lindy, cause, broth
cnida, queys, broth
kenos, triad, fugly
mutes, abrin, folky
glaur, nomic, khets
genas, milko, turfy
larum, snoek, width
renay, milko, scuft
cajon, mused, birth
kyats, nomic, urged
image, rocky, bunts
prays, nomic, gulet
dirty, cause, flown
grody, cause, flint
ogres, muzak, flint
solve, triad, bungy
hoary, mused, flint
meats, rocky, unhip
omlah, rudes, nifty
haiku, noter, gymps
lengs, triad, pubco
haiks, noter, fugly
nitry, cause, whomp
grund, milko, tawse
mules, triad, honky
yokes, triad, lunch
bring, cause, jolty
zloty, cause, grind
larch, mused, biont
munge, cadis, broth
fluey, nomic, strag
renga, milko, scuft
runes, milko, yacht
diwan, queys, broth
twirp, cause, honky
gonad, queys, birth
taluk, nomic, grews
rynds, milko, quate
wagon, mused, birth
doers, muzak, flint
louts, mirex, bhang
hazel, nomic, wurst
claro, mused, nifty
lapis, noter, vughy
glens, triad, pubco
barfs, nomic, gulet
sumac, noter, hiply
pinks, alure, docht
myths, alure, bidon
jumar, snoek, lytic
seric, muzak, poynt
puris, globe, twank
fluke, nomic, strag
mutha, snoek, ridgy
idant, queys, frock
fikes, gault, crown
tings, alure, whomp
snipe, muzak, broth
nurse, milko, yacht
docus, mirex, twank
flats, nomic, urged
mufti, snoek, crapy
fauts, nomic, beryl
stria, globe, cundy
sined, muzak, broth
argue, nomic, kydst
soger, muzak, flint
filth, cause, prong
muter, cadis, honky
tails, urged, honky
typos, alure, chink
druse, nomic, thawy
nicad, queys, broth
hotly, cause, grind
hovel, cadis, runty
dreks, nomic, gault
lions, pated, crumb
makis, noter, fugly
kyars, nomic, gulet
pling, cause, broth
puked, nomic, strag
satin, urged, cymol
sixer, muzak, poynt
found, riems, yacht
thugs, nomic, yerba
graze, nomic, bhuts
crave, milko, bunts
truce, milko, gnash
bound, riems, yacht
tubal, nomic, grews
hiant, mused, rocky
front, cause, limby
brust, nomic, waved
stink, alure, whomp
spout, mirex, bhang
praos, gulet, mincy
urged, nomic, laths
krabs, nomic, gulet
quart, nomic, plebs
steno, muzak, ridgy
stown, alure, zymic
aloin, mused, grypt
shout, mirex, clank
acros, gulet, zinky
reast, nomic, fugly
sagum, noter, flick
stoup, mirex, bhang
sweir, muzak, poynt
qaids, noter, fugly
slove, triad, bungy
serow, muzak, flint
