loury, feign, stamp
numbs, cigar, depot
rotes, lying, dwaum
minds, rebut, focal
crues, lying, adopt
scion, rebut, amply
pibal, crust, money
agile, crust, downy
loamy, rebut, swing
wurst, focal, being
oiler, stand, bumpy
prune, focal, midst
griot, unfed, palsy
coude, trawl, spiny
clams, rebut, doing
taels, pound, grimy
adept, swirl, young
lingo, rebut, swamp
duple, cigar, stony
wiled, crust, among
orbed, lusty, panic
cared, lusty, bingo
flump, cigar, onset
buret, focal, spiny
winge, focal, rusty
flams, rebut, doing
field, crust, wagon
piert, focal, swung
tofus, cigar, blend
marcs, feign, doubt
weils, pound, craft
tonus, cigar, blype
owler, stand, pubic
laird, unmet, boyfs
gelds, print, bayou
legit, dwarf, bonus
ureas, lying, compt
ribas, model, punty
ciels, dwarf, mount
trial, unfed, boygs
indol, rebut, swamp
bings, focal, erupt
admin, rebut, scowl
peans, moult, ridgy
grids, focal, unmet
roman, lusty, bicep
croft, panel, budis
pelau, first, downy
onium, dwarf, spelt
outby, cigar, spend
pawls, rebut, doing
seity, focal, wrung
beano, crust, filmy
confs, rebut, gaily
derma, lusty, bingo
carts, model, unify
blunt, cigar, poesy
faces, pound, twirl
poind, rebut, scaly
aulos, feign, crypt
rapes, lying, doubt
morns, delta, pubic
macer, pound, swift
acyls, rebut, doing
swile, pound, craft
prats, model, unify
duels, cigar, monty
linos, rebut, cadgy
toran, flume, spicy
morat, feign, bluds
twirl, unfed, soapy
lunet, cigar, boyfs
misdo, rebut, fancy
sited, focal, wrung
strae, pound, filmy
ileum, dwarf, stony
toras, feign, dumpy
scrim, unfed, gloat
obang, crust, yield
triol, unfed, swamp
front, basic, plume
scalp, rebut, doing
tarns, model, pubic
capes, front, guild
wends, cigar, moult
trogs, unfed, claim
lairy, unfed, stomp
ocean, first, dumpy
apode, crust, lying
brine, focal, musty
fumer, stand, logic
drily, unmet, capos
roast, feign, dumpy
manse, guild, forty
tolus, cigar, bendy
uptie, focal, rynds
impro, unfed, blast
biros, unfed, aptly
broad, feign, lusty
dural, feign, stomp
matin, sower, pudgy
wound, cigar, smelt
softa, pride, clung
gurns, focal, piety
farls, pound, twice
tesla, pound, grimy
tsade, lying, croup
gouts, dwarf, mince
gurls, adobe, minty
lyase, pound, grift
flaws, rebut, doing
stare, pound, filmy
septa, round, filmy
giros, unfed, aptly
plies, dwarf, mount
tides, focal, wrung
unset, cigar, moldy
tried, focal, swung
stair, model, bungy
tamis, unfed, growl
pical, rebut, synod
repin, focal, musty
float, pride, swung
belon, cigar, musty
prent, focal, budis
cried, lusty, wagon
coral, feign, musty
tsubo, cigar, newly
smite, focal, wrung
idyls, rebut, wagon
inerm, focal, study
festy, cigar, pound
spode, cigar, blunt
lipos, rebut, candy
mirly, unfed, coast
atoms, feign, curly
absey, pound, twirl
arets, pound, filmy
games, pound, twirl
glace, pound, first
binal, crust, dopey
dores, lying, caput
warty, model, using
twins, focal, purge
nomad, rebut, spicy
forty, panel, music
stoma, feign, curly
sneap, moult, ridgy
metis, focal, wrung
ariot, unfed, gymps
gandy, rebut, spoil
dregs, focal, input
welds, cigar, mount
gaurs, model, nifty
dites, focal, wrung
sprad, feign, moult
coder, lusty, aping
pains, rebut, godly
rands, flume, optic
lemur, stand, yogic
towns, cigar, flume
moils, rebut, candy
domic, rebut, spawn
fowls, cigar, unmet
cloam, rebut, spiny
brane, lusty, domic
eying, focal, burst
melts, cigar, pound
agism, rebut, clown
yaird, unmet, scowl
credo, lusty, aping
padis, rebut, clown
dowls, cigar, unmet
ogams, rebut, windy
fomes, cigar, blunt
boned, cigar, lusty
fated, swirl, young
lewis, pound, craft
torus, feign, badly
agons, rebut, filmy
uncle, dwarf, moist
coati, unfed, byrls
stylo, cigar, unfed
bigos, dwarf, unmet
sucre, lying, adopt
draps, feign, moult
admit, sower, clung
burls, feign, today
lamed, crust, bingo
stony, cigar, flume
swopt, cigar, unfed
yards, feign, moult
farms, pound, twice
nurds, focal, piety
puled, cigar, stony
foray, unmet, blips
tombs, cigar, unfed
styre, focal, duing
gonad, rebut, spicy
brain, model, gusty
poyse, cigar, blunt
roids, unmet, bylaw
bacon, pride, lusty
doura, feign, tymps
paled, crust, bingo
leady, crust, bingo
slimy, rebut, wagon
steno, cigar, dumpy
spiel, dwarf, mount
blown, cigar, fetus
dants, flume, boric
mites, focal, wrung
meany, crust, bipod
amort, feign, bluds
tinea, dowry, slump
guiro, stand, blype
stowp, cigar, unfed
wrapt, model, using
agued, first, blown
alien, crust, podgy
fancy, rebut, spoil
byres, focal, input
aygre, pound, swift
tones, cigar, dumpy
slype, cigar, mount
wrote, lying, scuba
inspo, rebut, madly
apods, rebut, lying
petri, focal, swung
brosy, feign, datum
prays, model, unfit
otary, feign, slump
mutes, cigar, blown
amids, rebut, clown
prude, focal, sting
unpay, model, first
scary, model, input
boyfs, cigar, unmet
eupad, first, blown
egmas, pound, twirl
fibro, unmet, scald
lyams, rebut, doing
slept, cigar, found
atmos, feign, curly
podal, rebut, swing
teals, pound, grimy
clift, grade, bonus
owrie, stand, lumpy
neral, spicy, doubt
surge, focal, minty
brigs, focal, unmet
resty, focal, duing
urped, focal, sting
scent, dwarf, opium
lamps, rebut, doing
trams, feign, could
swirl, unfed, atomy
flics, rebut, wagon
wared, lusty, bingo
waite, pound, byrls
train, model, cuspy
login, rebut, swamp
limey, dwarf, snout
party, model, using
urson, delta, wimpy
arnut, model, spicy
sprat, model, unify
limpa, rebut, synod
toned, cigar, slump
filet, pound, swarm
cable, pound, first
sprue, focal, minty
ureic, stand, blowy
leams, pound, grift
loris, unfed, bawty
enrol, audit, gymps
bairn, model, gusty
board, feign, lusty
sprig, focal, unmet
yamen, crust, bipod
tango, pride, bumfs
ursae, lying, compt
lepid, crust, wagon
comas, rebut, lying
slued, cigar, monty
gaids, rebut, clown
donut, cigar, bleys
decor, lusty, aping
sowed, cigar, blunt
apres, lying, doubt
calif, rebut, synod
feods, cigar, blunt
noule, cigar, tymps
deist, focal, wrung
cards, feign, moult
spray, model, unfit
bream, pound, swift
plods, cigar, unmet
ryots, feign, album
ergon, lusty, campi
agist, model, curny
grams, unfed, pilot
store, lying, dwaum
suber, focal, minty
decos, trawl, unify
arled, spicy, mount
staid, flume, corny
cobra, feign, lusty
gator, unfed, spicy
prate, lying, focus
buist, focal, nerdy
calos, rebut, dying
aglet, pound, birsy
arles, pound, mifty
cunts, dwarf, biome
spado, rebut, lying
rumly, feign, coast
idols, rebut, fancy
fails, rebut, downy
maerl, pound, swift
proud, feign, blast
lions, rebut, cadgy
oldie, crust, mangy
cagey, pound, first
dunts, cigar, bowel
buats, model, wring
punce, dwarf, moist
tyred, focal, using
story, feign, album
pirls, unfed, amowt
cawed, first, young
guars, model, nifty
blurs, feign, today
gloms, rebut, panic
centu, dwarf, spoil
towsy, cigar, unfed
fatly, pride, bonus
swelt, cigar, pound
lowts, cigar, unfed
aloin, rebut, gymps
gored, lusty, panic
defis, trawl, young
dorba, feign, lusty
flint, grade, bousy
doris, unmet, bylaw
realm, pound, swift
earnt, spicy, would
scart, model, unify
mowas, rebut, lying
pards, feign, moult
unfit, model, spray
units, focal, derby
sluit, dwarf, money
piend, focal, rusty
craft, model, using
yogin, rebut, scald
breys, focal, input
torse, lying, dwaum
abode, crust, lying
basti, model, wrung
redos, lying, caput
prise, focal, bundt
biner, focal, musty
yowes, cigar, blunt
apers, lying, doubt
suent, cigar, moldy
epris, focal, bundt
dirts, focal, begun
tapus, model, bring
coyed, trawl, using
flute, cigar, synod
toads, feign, crump
tower, lying, scuba
fract, model, using
tronc, flume, daisy
deray, moult, swing
drail, unmet, boyfs
pungs, focal, merit
coram, feign, lusty
soldi, rebut, fancy
yerba, pound, swift
lamer, pound, swift
ounce, dwarf, tipsy
doter, lying, scuba
dures, focal, minty
swarf, model, input
slice, dwarf, mount
maile, crust, downy
patio, unfed, byrls
peaty, swirl, found
amrit, unfed, scowl
yeads, print, mogul
reamy, pound, swift
longa, rebut, spicy
claim, rebut, synod
teils, dwarf, young
unity, focal, sperm
cadie, front, slump
darbs, feign, moult
goris, unfed, aptly
curie, stand, blowy
artis, model, bungy
diets, focal, wrung
groin, flume, patsy
bento, cigar, slump
agony, rebut, clips
bursa, model, tying
felon, cigar, musty
turps, focal, being
recap, lusty, doing
yeard, moult, swing
steal, pound, grimy
fungs, model, tapir
dogey, crust, final
foins, rebut, amply
adust, feign, prowl
womyn, cigar, fetus
rogue, stand, filmy
actor, feign, slump
crame, pound, swift
sloan, rebut, wimpy
grips, focal, unmet
piets, focal, wrung
raped, lusty, bingo
laced, first, young
ratus, model, bingy
rayed, moult, swing
redon, lusty, magic
madly, rebut, sonic
toils, dwarf, begun
icons, rebut, amply
apted, swirl, young
coles, dwarf, input
plasm, rebut, doing
doser, lying, caput
daube, first, clown
goner, lusty, campi
dicey, trawl, bonus
bowne, cigar, lusty
doges, trawl, unify
pilae, crust, downy
yogic, rebut, spawn
wring, focal, upset
purse, focal, minty
moten, cigar, bluds
coirs, unfed, aptly
fraus, model, tying
caird, unmet, blogs
pacos, rebut, lying
lowan, rebut, spicy
segno, dwarf, built
wiles, pound, craft
crena, lusty, bipod
ditas, flume, corny
acred, lusty, bingo
fault, pride, snowy
bogan, crust, yield
limos, rebut, candy
percs, audit, blown
gamin, rebut, scold
palsy, rebut, doing
moust, cigar, blend
moats, feign, curly
grays, model, input
rindy, focal, upset
layin, rebut, comps
nicol, rebut, swamp
denim, focal, rusty
orate, lying, bumfs
tonga, pride, bumfs
royal, feign, stump
diane, crust, blowy
flout, cigar, spend
lutea, corny, dimps
arced, lusty, bingo
tours, feign, badly
liefs, pound, warty
prase, lying, doubt
unlet, cigar, boyfs
taigs, model, curny
codas, rebut, lying
gudes, focal, print
monie, dwarf, lusty
flite, pound, swarm
bunts, cigar, model
arcus, model, tying
rigol, unfed, stamp
rotan, flume, spicy
malis, rebut, downy
atopy, feign, scrub
piney, focal, burst
scowl, rebut, aping
metro, lying, scuba
clown, rebut, sigma
riels, pound, bawty
beard, lusty, owing
lures, baton, wimpy
soapy, rebut, fling
gnows, rebut, claim
slate, pound, grimy
mangs, rebut, doily
ticed, labor, swung
spean, moult, ridgy
drone, lusty, magic
daunt, sower, filmy
flaps, rebut, doing
lifes, pound, warty
wrast, model, unify
puton, cigar, bleys
trayf, model, using
cunei, dwarf, stomp
datos, feign, crump
toner, basic, dumpy
boult, cigar, spend
urned, focal, tipsy
bunde, cigar, stomp
gynie, focal, burst
sadly, rebut, owing
miles, dwarf, count
tabus, model, wring
deary, moult, swing
rayon, flume, dicts
pisco, rebut, gland
meals, pound, grift
cripe, stand, mogul
maces, pound, twirl
pined, focal, rusty
routs, feign, badly
sward, feign, moult
swoun, cigar, lefty
wames, pound, flirt
males, pound, grift
pimas, rebut, clown
amins, rebut, godly
syned, cigar, moult
gyrus, focal, twine
rates, pound, filmy
fonly, cigar, upset
probs, feign, datum
indow, rebut, palsy
toeas, lying, crump
spart, model, unify
almug, pride, stony
bepat, swirl, found
beton, cigar, slump
speld, cigar, mount
mango, rebut, spicy
trona, flume, spicy
rewon, lusty, magic
spate, round, filmy
rewin, focal, musty
elain, crust, podgy
lynes, cigar, doubt
resto, lying, dwaum
bunco, dwarf, islet
pions, rebut, madly
alcos, rebut, dying
large, pound, swift
stupa, model, bring
laics, rebut, downy
swayl, rebut, doing
among, rebut, spicy
riley, pound, bafts
aspie, front, bludy
bruit, focal, spend
abyes, pound, twirl
anole, crust, wimpy
warts, model, unify
yales, pound, grift
giant, model, scrub
buteo, cigar, wynds
punas, model, grift
fondu, cigar, smelt
stale, pound, grimy
mardy, feign, spout
feats, pound, lyric
golds, rebut, panic
rodes, lying, caput
guild, react, snowy
anile, crust, podgy
lawny, rebut, disco
ardeb, lusty, owing
duply, cigar, onset
acted, swirl, young
durns, focal, piety
befit, pound, swarm
fuero, stand, imply
glows, rebut, panic
yawns, rebut, logic
nirly, adobe, stump
cider, lusty, wagon
cures, lying, adopt
wiels, pound, craft
finos, rebut, amply
flobs, cigar, unmet
platy, feign, scour
pongs, rebut, claim
yites, focal, wrung
folds, cigar, unmet
loins, rebut, cadgy
oumas, feign, crypt
along, rebut, spicy
drupe, focal, sting
ideas, front, lumpy
lyted, cigar, bonus
swipe, focal, burnt
praus, model, tying
widen, focal, rusty
satem, pound, lyric
downa, rebut, spicy
opium, dwarf, scent
grues, focal, minty
ayont, pride, bumfs
paler, sonic, bufty
fours, panel, dicty
blare, pound, swift
repla, sonic, bufty
acned, first, mogul
fetus, cigar, blown
nemas, guild, forty
dipso, rebut, fancy
tased, lying, croup
crust, model, aping
doner, lusty, magic
reoil, stand, bumpy
mosey, cigar, blunt
maron, lusty, bicep
older, basic, punty
pinta, model, scrub
uncos, dwarf, piety
domes, cigar, blunt
tunes, cigar, moldy
pruta, model, swing
copra, feign, lusty
rosed, lying, caput
lards, feign, pouty
frabs, model, input
mungo, dwarf, islet
tungs, focal, pride
gowds, rebut, panic
unmet, cigar, blows
smowt, cigar, unfed
piony, rebut, scald
rainy, model, scuft
scudi, trawl, money
place, first, mound
robed, lusty, panic
aport, feign, bluds
pleon, cigar, musty
rowie, stand, lumpy
bared, lusty, owing
wonts, cigar, flume
plume, cigar, stony
omega, crust, windy
oundy, cigar, smelt
young, dwarf, islet
fraps, model, tunic
motel, cigar, bunds
unred, focal, tipsy
rabid, unmet, scowl
dates, lying, croup
riyal, unfed, stomp
stone, cigar, dumpy
nodal, rebut, spicy
colas, rebut, dying
crane, lusty, bipod
stoae, lying, crump
moans, rebut, gilpy
mulga, pride, stony
stond, cigar, flume
steil, dwarf, young
ronde, lusty, magic
snout, cigar, blype
gleds, print, bayou
gwine, focal, rusty
feuar, lying, stomp
germs, focal, input
acorn, flume, tipsy
ramen, lusty, bipod
plays, rebut, doing
rosti, unfed, amply
wagon, rebut, spicy
blets, cigar, pound
loafs, rebut, dying
slurb, feign, today
stain, model, rugby
colin, rebut, swamp
scopa, rebut, lying
deign, focal, rusty
blain, crust, dopey
cited, labor, swung
spoil, rebut, candy
pilaf, rebut, synod
acids, rebut, flown
doric, unmet, palsy
winds, rebut, focal
speat, round, filmy
awols, rebut, dying
wanly, rebut, disco
goary, unfed, spilt
murti, focal, spend
dynes, cigar, moult
liers, pound, bawty
blags, pride, mount
blame, crust, doing
fared, lusty, bingo
outre, lying, swamp
sture, focal, dying
urges, focal, minty
futon, cigar, bleys
sarin, model, bufty
gramp, unfed, stoic
ngati, model, scrub
nowts, cigar, flume
afros, unmet, bigly
plead, crust, bingo
spiny, rebut, focal
owner, lusty, magic
dices, trawl, young
smolt, cigar, unfed
brats, model, unify
filed, crust, wagon
liter, pound, abysm
logan, rebut, spicy
pates, round, filmy
scarf, model, input
decoy, trawl, using
mauts, feign, dowry
stria, model, bungy
tares, pound, filmy
mesal, pound, grift
unary, model, swift
roted, lying, scuba
giron, flume, patsy
tarps, model, unify
types, cigar, found
stray, model, fungi
satyr, model, fungi
duans, biome, crypt
salmi, rebut, downy
frets, pound, gaily
baurs, model, tying
sutra, model, bingy
micos, rebut, gland
facet, pound, swirl
geans, moult, pricy
oints, dwarf, plume
plums, cigar, often
tulsi, dwarf, money
gilet, dwarf, bonus
brail, unfed, stomp
tices, dwarf, young
muled, cigar, stony
trois, unfed, amply
spina, rebut, godly
gilpy, rebut, mason
dyers, focal, input
final, rebut, comps
sutor, feign, badly
dancy, rebut, spoil
munts, cigar, dowel
paren, lusty, combi
typal, feign, scour
doats, feign, crump
toise, dwarf, clung
minar, lusty, befog
creps, audit, blown
traps, model, unify
guyse, focal, print
telco, dwarf, using
leafy, crust, doing
adobe, crust, lying
artsy, model, fungi
ragus, model, nifty
swain, rebut, godly
fados, rebut, lying
groat, unfed, spicy
frust, model, panic
round, islet, campy
unfed, cigar, stomp
carls, feign, doubt
potsy, cigar, unfed
flame, crust, doing
least, pound, grimy
daces, print, mogul
cairn, model, gusty
trios, unfed, amply
tuans, model, gripy
scaly, rebut, doing
gaper, lusty, bidon
bring, focal, upset
douce, trawl, spiny
bundt, cigar, poesy
lined, crust, foamy
poesy, cigar, blunt
girds, focal, unmet
infos, rebut, amply
spare, lying, doubt
acnes, moult, gripy
drome, lusty, panic
genua, first, moldy
flats, pride, young
abort, feign, slump
doilt, repay, swung
infer, lusty, dogma
paces, front, guild
yuans, model, grift
sdayn, rebut, logic
calps, rebut, doing
asdic, rebut, flown
fetid, labor, swung
nuder, focal, tipsy
aimed, crust, blown
manes, guild, forty
opter, lying, scuba
atony, pride, bumfs
liane, crust, podgy
felts, cigar, pound
women, cigar, lusty
doers, lying, caput
lords, feign, caput
murly, feign, coast
spite, focal, wrung
blond, cigar, fetus
seton, cigar, dumpy
tonal, pride, bumfs
calid, rebut, snowy
noils, rebut, cadgy
absit, model, wrung
muton, cigar, bleys
glime, dwarf, snout
inapt, model, scrub
befog, crust, inlay
codes, trawl, unify
milor, unfed, patsy
trone, basic, dumpy
wilco, rebut, pansy
gaudy, sower, flint
fains, rebut, godly
trabs, model, unify
tiros, unfed, amply
turfs, model, panic
space, front, guild
mason, rebut, gilpy
dwelt, cigar, bonus
lacer, pound, swift
patly, feign, scour
tripe, focal, swung
draco, feign, lusty
macle, pound, first
supra, model, tying
scend, trawl, opium
armed, lusty, bingo
drice, lusty, wagon
wytes, cigar, pound
dirls, unmet, copay
airns, model, bufty
bound, cigar, smelt
dulse, cigar, monty
cirls, unfed, amowt
cloys, rebut, aping
nabes, moult, gripy
cause, print, godly
pends, cigar, moult
festa, pound, lyric
dream, lusty, bingo
forme, stand, pubic
pious, dwarf, benty
umbel, cigar, stony
brews, focal, input
stela, pound, grimy
corni, flume, patsy
amble, crust, doing
borne, lusty, magic
broil, unfed, stamp
metal, pound, birsy
anger, lusty, bipod
pilea, crust, downy
riads, unmet, blowy
ulema, first, downy
saute, lying, crowd
weald, crust, bingo
ample, crust, doing
mandi, rebut, scowl
mabes, pound, twirl
farle, pound, bitsy
polis, rebut, candy
scail, rebut, downy
sedan, moult, gripy
taped, swirl, young
bomas, feign, truly
tared, lying, focus
unwed, cigar, stomp
stewy, cigar, pound
fauld, sower, minty
fonts, cigar, plume
strum, focal, being
alder, spicy, mount
punga, model, first
cadis, rebut, flown
cedar, lusty, bingo
frail, pound, bytes
regma, pound, swift
cadet, swirl, young
minae, crust, godly
manor, lusty, bicep
entia, dowry, slump
redan, lusty, combi
tuned, cigar, blows
after, pound, slimy
gamer, pound, swift
gleis, dwarf, mount
piled, crust, wagon
brame, pound, swift
pound, cigar, smelt
goles, dwarf, input
nomic, rebut, sadly
tardo, feign, slump
girly, unfed, coast
taser, pound, filmy
notes, cigar, dumpy
anils, rebut, comfy
trued, focal, spiny
forum, stand, bilge
caids, rebut, flown
fugio, react, wynds
petar, lying, focus
realo, spicy, bundt
bouts, cigar, newly
oping, rebut, scald
cesti, dwarf, young
panes, moult, ridgy
repot, lying, scuba
pater, lying, focus
salty, feign, croup
luged, first, bacon
dorts, feign, album
fired, lusty, wagon
terfs, pound, gaily
edict, labor, swung
dinos, rebut, amply
pries, focal, bundt
tondi, repay, bumfs
brute, focal, spiny
safed, print, mogul
opals, rebut, dying
epact, swirl, found
trues, focal, dying
melon, cigar, study
lumps, cigar, often
waled, crust, bingo
birls, unfed, amowt
yagis, rebut, clown
pawer, lusty, doing
liner, coast, dumpy
sonic, rebut, amply
rebus, focal, minty
waurs, model, tying
feral, pound, bitsy
bardo, feign, lusty
doucs, feign, trawl
dance, first, mogul
walty, feign, scour
loric, unfed, stamp
brays, model, input
muset, cigar, blown
cased, print, mogul
deans, moult, gripy
ripes, focal, bundt
ranis, model, bufty
conia, rebut, gymps
awful, pride, stony
claws, rebut, doing
yelps, cigar, mount
patus, model, bring
golfs, rebut, panic
eliad, crust, pongy
rapid, unmet, scowl
fecal, pound, wrist
puers, focal, minty
afrit, model, swung
palmy, rebut, sonic
ysame, pound, twirl
sabir, model, punty
mynas, rebut, logic
beams, pound, twirl
caner, lusty, bipod
peats, round, filmy
bield, crust, wagon
siroc, unfed, aptly
purls, feign, today
posed, cigar, blunt
erugo, stand, filmy
derms, focal, input
fader, lusty, bingo
turms, focal, being
tufas, model, bring
odist, repay, clung
saint, model, rugby
cnida, rebut, flogs
sango, rebut, filmy
yawls, rebut, doing
atrip, model, swung
burse, focal, minty
medal, crust, bingo
resat, pound, filmy
colds, rebut, aping
filos, rebut, candy
etyma, pound, swirl
racon, flume, tipsy
cines, dwarf, moult
bends, cigar, moult
pured, focal, sting
flied, crust, wagon
muids, focal, entry
raced, lusty, bingo
diner, focal, musty
stile, dwarf, young
warst, model, unify
pardi, unmet, scowl
tapis, model, wrung
nirls, adobe, tumpy
grail, unfed, stomp
odism, rebut, fancy
fends, cigar, moult
rybat, model, using
prads, feign, moult
salut, feign, dowry
coarb, feign, lusty
frati, model, swung
ploat, feign, scrub
bumpy, cigar, onset
lares, pound, mifty
snipy, rebut, focal
ledgy, crust, piano
fices, trawl, pound
coils, rebut, mangy
dicot, repay, slung
dreys, focal, input
loges, dwarf, input
pared, lusty, bingo
fleam, crust, doing
owned, cigar, lusty
dwaum, feign, story
caper, lusty, doing
noted, cigar, slump
filum, grade, stony
lears, pound, mifty
lowne, cigar, musty
forbs, unmet, gaily
rewan, lusty, bipod
runts, focal, midge
idant, sower, lumpy
roust, feign, badly
moder, lusty, panic
posey, cigar, blunt
mpret, focal, using
satin, model, rugby
stown, cigar, flume
pyots, cigar, unfed
blind, crust, omega
conus, dwarf, piety
ideal, crust, pongy
gomer, stand, pubic
cames, pound, twirl
foams, rebut, lying
pansy, rebut, logic
couta, feign, byrls
baton, pride, culms
caned, first, mogul
naifs, rebut, godly
ryals, feign, doubt
nails, rebut, comfy
nicad, rebut, flogs
notum, cigar, bleys
pomes, cigar, blunt
parge, lusty, bidon
rubes, focal, minty
sitar, model, bungy
anglo, rebut, spicy
aloft, pride, swung
clasp, rebut, doing
fiats, model, wrung
ailed, crust, pongy
alcid, rebut, snowy
unsod, cigar, lefty
bract, model, using
adits, flume, corny
swing, rebut, focal
flocs, rebut, aping
tendu, cigar, blows
weans, moult, gripy
pated, swirl, young
tians, model, rugby
yealm, crust, doing
trope, lying, scuba
count, dwarf, spiel
sored, lying, caput
raspy, model, unfit
rowed, lusty, panic
tapes, round, filmy
butle, cigar, synod
unarm, islet, podgy
diols, rebut, fancy
amens, guild, forty
sonar, flume, dicty
mauri, spend, lofty
praty, model, using
naris, model, bufty
trefa, pound, slimy
indew, focal, rusty
stade, lying, croup
grone, lusty, campi
amyls, rebut, doing
finer, lusty, dogma
wised, focal, burnt
unsew, cigar, lofty
marge, pound, swift
padri, unmet, scowl
adieu, front, gymps
yucas, model, print
wonga, rebut, spicy
candy, rebut, spoil
demon, cigar, lusty
twerp, focal, using
usage, print, moldy
orbit, unfed, palsy
labor, feign, musty
pioys, rebut, gland
recal, pound, swift
oncus, dwarf, piety
rated, lying, focus
scram, feign, doubt
goels, dwarf, input
tawie, pound, byrls
slurp, feign, today
maids, rebut, clown
rowen, lusty, magic
lends, cigar, pouty
rance, lusty, bipod
darns, flume, optic
fairy, model, stung
denar, lusty, combi
sayid, rebut, clown
flamy, rebut, sonic
grisy, focal, unmet
tabis, model, wrung
wodge, crust, final
incog, rebut, sadly
flair, pound, bytes
grind, focal, upset
adown, rebut, spicy
mints, focal, purge
adult, feign, borms
lweis, pound, craft
empts, cigar, found
delay, crust, bingo
grame, pound, swift
glary, unfed, moist
melas, pound, grift
dearn, lusty, combi
felid, crust, wagon
laers, pound, mifty
lader, spicy, mount
treyf, pound, basic
rabis, model, punty
nodus, cigar, lefty
mains, rebut, godly
rains, model, bufty
ramin, lusty, befog
doily, rebut, spawn
rayle, pound, swift
onces, dwarf, built
laity, unfed, borms
liman, rebut, copsy
adopt, feign, scrub
uredo, lying, stamp
wanes, moult, gripy
staun, model, gripy
garms, unfed, pilot
blaud, feign, story
poilu, dwarf, scent
oriel, stand, bumpy
stime, focal, wrung
paoli, rebut, wynds
curio, stand, blype
ycond, rebut, sigma
spuer, focal, minty
unais, model, crypt
certs, pound, gaily
ulpan, sower, dicty
leary, pound, swift
aboil, crust, fendy
motus, cigar, blend
loure, stand, wimpy
lepra, sonic, bufty
mange, crust, bipod
saned, moult, gripy
docus, feign, trawl
renal, spicy, doubt
ludic, sower, tangy
randy, flume, posit
droil, unmet, gaspy
metol, cigar, bunds
bonus, cigar, lefty
slain, rebut, comfy
cades, print, mogul
piste, focal, wrung
strap, model, unify
blear, pound, swift
ludes, cigar, monty
fiery, pound, blast
notal, pride, bumfs
often, cigar, slump
lefts, cigar, pound
soyle, cigar, bundt
scape, front, guild
fawny, rebut, spoil
lirot, unfed, swamp
osmic, rebut, gland
rales, pound, mifty
mayos, rebut, fling
dairy, unmet, scowl
aster, pound, filmy
weids, focal, burnt
parle, sonic, bufty
soman, rebut, gilpy
triad, flume, snowy
plane, crust, dimbo
oater, lying, bumfs
tynes, cigar, would
gismo, rebut, candy
dowar, feign, lusty
canoe, first, dumpy
tsadi, flume, corny
tsuba, model, wring
stroy, feign, album
modge, crust, final
biogs, dwarf, unmet
crine, lusty, dogma
dopes, cigar, blunt
noups, cigar, lefty
yugas, model, print
fable, crust, doing
negro, lusty, campi
spier, focal, bundt
dinge, focal, rusty
embar, pound, swift
cargo, unfed, tipsy
glady, rebut, sonic
atone, swirl, dumpy
burly, feign, coast
aures, lying, compt
dobra, feign, lusty
sated, lying, croup
certy, pound, sigma
ering, focal, musty
bialy, crust, gnome
fugie, trawl, synod
runed, focal, tipsy
feart, pound, slimy
sayon, rebut, flimp
dolci, rebut, spawn
wolds, cigar, unmet
durst, focal, being
ecads, print, mogul
tains, model, rugby
dribs, focal, unmet
tuile, dwarf, bongs
primy, focal, unset
abuts, model, wring
moral, feign, study
alifs, rebut, downy
spane, moult, ridgy
bourn, delta, spicy
furls, adobe, minty
fried, lusty, wagon
scone, dwarf, built
belay, crust, doing
plied, crust, wagon
unled, cigar, stomp
frays, model, input
agley, crust, bidon
acmes, pound, twirl
feast, pound, lyric
wides, focal, burnt
greys, focal, input
pesty, cigar, found
mealy, crust, doing
birds, focal, unmet
frags, model, input
wined, focal, rusty
madre, lusty, bingo
maist, unfed, growl
tuyer, focal, swing
sofar, unmet, bigly
leman, crust, bipod
nards, flume, optic
ofays, rebut, cling
beray, pound, swift
mourn, delta, spicy
powin, rebut, scald
alowe, crust, dying
manus, pride, lofty
laser, pound, mifty
mowra, feign, lusty
stead, lying, croup
salop, rebut, dying
faint, model, scrub
fetor, lying, scuba
coaly, rebut, swing
snirt, focal, budge
ruins, focal, empty
tyres, focal, duing
porta, feign, bluds
napes, moult, ridgy
doits, repay, clung
femal, crust, doing
bagie, crust, flown
gadis, rebut, clown
leuds, cigar, monty
ogles, dwarf, input
crime, pound, blast
royst, feign, album
primo, unfed, blast
socle, dwarf, input
litre, pound, abysm
early, pound, swift
apism, rebut, clown
dulce, first, wagon
impel, dwarf, snout
birsy, focal, unmet
foals, rebut, dying
noway, rebut, clips
abrin, model, gusty
coals, rebut, dying
louns, cigar, empty
raits, model, bungy
estro, lying, dwaum
genas, moult, pricy
segol, dwarf, input
capos, rebut, lying
fauts, model, bring
calms, rebut, doing
payer, moult, swing
enarm, lusty, bipod
sonce, dwarf, built
yowie, crust, bland
flows, cigar, unmet
grape, lusty, bidon
tuner, focal, gipsy
clows, rebut, aping
sauce, print, godly
crios, unfed, aptly
infra, model, gusty
lyart, feign, budos
besti, focal, wrung
pedal, crust, bingo
lacey, pound, first
danio, rebut, gymps
apery, moult, swing
wader, lusty, bingo
matlo, feign, scrub
bolar, feign, musty
tyros, feign, album
muter, focal, spiny
spard, feign, moult
pluto, cigar, bends
monad, rebut, spicy
rouge, stand, filmy
spout, cigar, blend
swept, cigar, found
emits, focal, wrung
manly, rebut, disco
parse, lying, doubt
tames, pound, lyric
ulnae, first, comby
fruit, model, spawn
ronte, basic, dumpy
nerol, audit, gymps
seral, pound, mifty
reign, focal, musty
mails, rebut, downy
apter, lying, focus
style, cigar, pound
tiler, pound, abysm
flora, unmet, spicy
miner, focal, study
cedis, trawl, young
defat, swirl, young
slime, dwarf, count
genip, focal, rusty
lidos, rebut, fancy
decal, first, young
toric, unfed, palsy
under, focal, tipsy
boils, dwarf, unmet
clips, rebut, wagon
yenta, swirl, gumbo
paste, round, filmy
opsin, rebut, madly
astun, model, gripy
monal, rebut, spicy
solan, rebut, wimpy
pilao, rebut, wynds
rueda, lying, stomp
brios, unfed, aptly
droit, panel, bumfs
lobar, feign, musty
flume, cigar, stony
manis, rebut, godly
acold, rebut, spiny
argot, unfed, spicy
monas, rebut, gilpy
flogs, rebut, panic
bayle, crust, doing
stour, feign, badly
ambos, feign, truly
speil, dwarf, mount
yonic, rebut, psalm
dorse, lying, caput
trods, feign, album
frowy, unmet, basic
prigs, focal, unmet
plait, unfed, borms
limes, dwarf, count
owies, blurt, candy
scuba, model, print
wield, crust, among
curat, model, spiny
bipod, crust, glean
tamin, sower, pudgy
goals, rebut, windy
bored, lusty, panic
bemas, pound, twirl
cites, dwarf, young
carle, pound, swift
letup, cigar, synod
aryls, feign, doubt
padre, lusty, bingo
nowed, cigar, lusty
bints, focal, purge
blaer, pound, swift
rosit, unfed, amply
aptly, feign, scour
fitly, grade, bonus
grots, unfed, claim
yirds, focal, unmet
torsi, unfed, amply
meiny, focal, burst
woads, rebut, lying
mount, cigar, bleys
trode, lying, scuba
cents, dwarf, opium
fides, trawl, young
route, lying, swamp
flawy, rebut, sonic
triac, model, swung
urent, focal, gipsy
noisy, rebut, clamp
pylon, cigar, fetus
dingo, rebut, palsy
uncap, model, first
arpen, lusty, combi
aunty, model, crisp
sewan, moult, gripy
spiry, focal, unmet
ictal, unfed, borms
plumy, cigar, onset
spain, rebut, godly
reaps, lying, doubt
binge, focal, rusty
trail, unfed, boygs
lusty, cigar, demon
welts, cigar, pound
algum, pride, stony
loams, rebut, dying
libra, unfed, stomp
minge, focal, rusty
bolts, cigar, unfed
lunts, cigar, dopey
educt, swirl, among
ponts, cigar, flume
tyers, focal, duing
layer, pound, swift
dawts, feign, croup
femur, stand, logic
pares, lying, doubt
samey, pound, twirl
smout, cigar, blend
airts, model, bungy
tears, pound, filmy
tiles, dwarf, young
mongs, rebut, plaid
fiord, unmet, palsy
matey, pound, swirl
goban, crust, yield
being, focal, rusty
grein, focal, musty
lutes, cigar, downy
tolan, pride, bumfs
nouls, cigar, empty
limba, crust, endow
entry, focal, budis
fluid, react, snowy
glued, first, bacon
braid, unmet, scowl
apiol, rebut, wynds
forte, lying, scuba
undos, cigar, lefty
namer, lusty, bipod
potae, swirl, bundy
duroy, feign, blast
foils, rebut, candy
toyer, basic, flung
stupe, cigar, blown
riant, model, cuspy
clays, rebut, doing
lycea, pound, first
pures, focal, minty
salue, print, comfy
clods, rebut, aping
oaten, swirl, dumpy
taroc, feign, slump
peris, focal, bundt
yurts, focal, being
until, dwarf, scope
styme, cigar, pound
molas, rebut, dying
amply, rebut, sonic
apron, flume, bitsy
sorta, feign, dumpy
patin, model, scrub
ascon, rebut, filmy
bread, lusty, owing
monde, cigar, lusty
sambo, feign, truly
derat, lying, focus
turme, focal, spiny
neums, cigar, lofty
daris, unmet, blowy
crays, model, input
gowfs, rebut, panic
cafes, pound, twirl
flays, rebut, doing
diyas, rebut, clown
tical, unfed, borms
flies, pound, warty
damns, rebut, logic
tales, pound, grimy
sault, feign, dowry
cauld, feign, story
learn, spicy, doubt
prief, stand, mogul
milpa, rebut, synod
sloid, rebut, fancy
bytes, cigar, pound
stand, flume, boric
ecrus, lying, adopt
spait, model, wrung
trigo, unfed, palsy
glair, unfed, stomp
gaols, rebut, windy
paedo, crust, lying
taros, feign, dumpy
files, pound, warty
cornu, delta, gipsy
gnarl, biome, study
busti, focal, nerdy
norma, lusty, bicep
ferns, audit, blowy
lumpy, cigar, onset
sandy, rebut, logic
foram, lusty, wince
duces, trawl, bingo
tenia, dowry, slump
macro, feign, lusty
monty, cigar, bused
rawin, model, gusty
stagy, model, incur
donga, rebut, spicy
super, focal, minty
items, focal, wrung
twoer, lying, scuba
straw, model, unify
asper, lying, doubt
brads, feign, moult
pians, rebut, godly
murls, feign, today
udons, cigar, lefty
artic, model, swung
butes, cigar, flown
noble, cigar, musty
smile, dwarf, count
mopes, cigar, blunt
sepia, front, bludy
psalm, rebut, doing
urase, lying, compt
glare, pound, swift
turns, focal, midge
yelts, cigar, pound
fugal, pride, stony
banco, pride, lusty
podge, crust, final
beans, moult, gripy
drole, basic, punty
mined, focal, rusty
wards, feign, moult
cored, lusty, aping
inust, focal, derby
loids, rebut, fancy
fango, rebut, spicy
moyas, rebut, fling
minor, delta, cuspy
islet, dwarf, young
lysed, cigar, mount
dwine, focal, rusty
luted, cigar, snowy
turbo, feign, scald
beaty, pound, swirl
flirs, adobe, punty
monte, cigar, bluds
malic, rebut, synod
loans, rebut, wimpy
almud, feign, story
dings, rebut, focal
loner, audit, gymps
starn, model, pubic
faine, crust, godly
pouts, cigar, blend
punts, cigar, model
swart, model, unify
claps, rebut, doing
tubas, model, wring
arson, flume, dicty
plong, rebut, daisy
yetis, focal, wrung
natis, model, rugby
spire, focal, bundt
dules, cigar, monty
lured, basic, monty
cones, dwarf, built
unbid, focal, wrest
baits, model, wrung
draft, biome, slung
panto, flume, birds
scena, moult, gripy
melic, dwarf, snout
gynos, rebut, claim
moult, cigar, spend
debar, lusty, owing
parol, feign, musty
snead, moult, gripy
meows, cigar, blunt
tenor, basic, dumpy
tinds, focal, purge
twals, feign, croup
prone, lusty, magic
macon, rebut, gipsy
tarsi, model, bungy
paeon, crust, filmy
means, guild, forty
mages, pound, twirl
spyal, rebut, doing
nudes, cigar, lofty
olein, dwarf, musty
tuple, cigar, synod
creds, lying, about
ripen, focal, musty
fugly, react, bison
molar, feign, study
pager, lusty, bidon
splay, rebut, doing
fouer, stand, imply
spear, lying, doubt
lytes, cigar, pound
fasti, model, wrung
manos, rebut, gilpy
saunt, model, gripy
nidor, flume, patsy
earst, pound, filmy
marle, pound, swift
strag, model, unify
twiny, focal, rebus
dower, lusty, panic
flota, pride, swung
stoun, cigar, blype
glues, dwarf, point
ducts, feign, labor
glaum, pride, stony
spend, cigar, moult
clade, first, young
gyres, focal, input
orgue, stand, filmy
limed, crust, wagon
almes, pound, grift
inorb, flume, patsy
garum, islet, downy
tabor, feign, slump
abune, first, godly
fetas, pound, lyric
romal, feign, study
ricey, pound, blast
lomas, rebut, dying
talus, feign, dowry
nutsy, cigar, model
lower, stand, pubic
logic, rebut, spawn
dints, focal, purge
lidar, unmet, boyfs
gules, dwarf, point
boral, feign, musty
defog, crust, inlay
drams, feign, clout
marts, feign, could
tirls, unfed, campo
ruled, basic, monty
astir, model, bungy
folic, rebut, spawn
coign, rebut, sadly
monic, rebut, sadly
beaus, print, godly
pygal, rebut, sonic
freon, lusty, magic
crims, unfed, gloat
istle, dwarf, young
unces, dwarf, pilot
morel, stand, pubic
curst, model, aping
fords, unmet, gaily
pacer, lusty, doing
parti, model, swung
rules, baton, wimpy
scray, model, input
upset, cigar, blown
staig, model, curny
gusto, dwarf, mince
mento, cigar, bluds
rumen, focal, tipsy
roans, flume, dicty
scudo, feign, trawl
range, lusty, bipod
daint, sower, lumpy
demos, cigar, blunt
tuber, focal, spiny
smart, feign, could
panel, crust, dimbo
ablow, feign, crust
dalts, feign, croup
grody, unmet, basic
lager, pound, swift
tepas, round, filmy
filar, pound, bytes
nipas, rebut, godly
roset, lying, dwaum
salet, pound, grimy
stung, focal, pride
duets, cigar, blown
gaits, model, curny
rowel, stand, pubic
bancs, model, fruit
bouns, cigar, lefty
teads, lying, croup
wolfs, cigar, unmet
pyins, rebut, focal
upran, model, swift
dobla, feign, crust
stulm, cigar, ebony
brast, model, unify
trays, model, fungi
pyets, cigar, found
found, cigar, smelt
tapir, model, swung
curse, lying, adopt
teras, pound, filmy
dewar, lusty, bingo
fecit, pound, swarm
locis, rebut, mangy
abuse, print, godly
imago, rebut, wynds
reman, lusty, bipod
resod, lying, caput
endow, cigar, lusty
pitas, model, wrung
fouet, cigar, wynds
daisy, rebut, clown
drape, lusty, bingo
signa, rebut, moldy
focal, rebut, spiny
lemon, cigar, study
yourn, delta, gimps
urate, lying, combs
coeds, trawl, unify
draws, feign, moult
dwile, crust, among
samen, guild, forty
lames, pound, grift
pebas, front, guild
calfs, rebut, doing
luser, baton, wimpy
setal, pound, grimy
blots, cigar, unfed
roate, lying, bumfs
lotus, cigar, bendy
caron, flume, tipsy
toper, lying, scuba
slier, pound, bawty
yerds, focal, input
troad, feign, slump
orant, flume, spicy
stomp, cigar, unfed
tomia, unfed, byrls
bodge, crust, final
unbed, cigar, stomp
rutin, focal, bydes
crest, pound, gaily
cymae, pound, first
namus, pride, lofty
berms, focal, input
layed, crust, bingo
reast, pound, filmy
sycon, rebut, plaid
setup, cigar, blown
antis, model, rugby
ready, moult, swing
ducal, feign, story
tinas, model, rugby
pirog, unfed, blast
liard, unmet, boyfs
buras, model, tying
lawer, pound, bitsy
genro, lusty, campi
logia, rebut, wynds
trins, focal, budge
camel, pound, first
winos, rebut, amply
trugo, panel, mysid
genoa, crust, filmy
clies, dwarf, mount
surly, feign, adopt
yield, crust, wagon
nutso, cigar, blype
spaer, lying, doubt
belts, cigar, pound
tunas, model, gripy
acrid, unmet, blogs
gulfy, react, bison
clame, pound, first
iftar, model, swung
tangi, model, scrub
tunds, cigar, bowel
surat, model, bingy
mated, swirl, young
stear, pound, filmy
mulie, dwarf, stony
manty, pride, focus
degus, focal, print
delft, cigar, bonus
oiled, crust, mangy
dater, lying, focus
cowls, rebut, aping
argil, unfed, stomp
roils, unfed, bawty
gowls, rebut, panic
frena, lusty, bipod
gytes, focal, bruin
aunts, model, gripy
teams, pound, lyric
meaty, pound, swirl
poems, cigar, blunt
relay, pound, swift
sampi, rebut, clown
unlid, react, boyfs
dicer, lusty, wagon
pilum, dwarf, onset
plebs, cigar, mount
waide, crust, nobly
intra, model, cuspy
amide, crust, blown
pelon, cigar, musty
troys, feign, album
fatso, pride, clung
twyer, focal, using
biled, crust, wagon
flary, pound, smite
aloes, print, fudgy
orcin, flume, patsy
flirt, adobe, swung
argle, pound, swift
alone, crust, wimpy
speir, focal, bundt
pudor, feign, blast
toney, cigar, slump
boart, feign, slump
frigs, model, aunty
snail, rebut, comfy
bosun, cigar, lefty
minty, focal, rebus
clear, pound, swift
modes, cigar, blunt
gusle, dwarf, point
grief, pound, blast
cabin, model, rusty
limas, rebut, downy
rotas, feign, dumpy
coped, trawl, using
baler, pound, swift
crape, lusty, doing
siler, pound, bawty
girls, unfed, amowt
fraim, pound, style
begat, pound, swirl
rusty, focal, being
douts, cigar, newly
druse, focal, minty
dryas, feign, moult
mangy, rebut, spoil
bards, feign, moult
suint, focal, derby
sured, focal, minty
build, react, snowy
deros, lying, caput
faros, unmet, bigly
poncy, rebut, sigma
tiars, model, bungy
riced, lusty, wagon
leirs, pound, bawty
olden, cigar, musty
sepoy, cigar, blunt
menus, cigar, lofty
slaty, feign, croup
amber, pound, swift
bayer, pound, swift
besit, focal, wrung
minos, rebut, cadgy
spurt, focal, being
gains, rebut, moldy
frape, lusty, doing
lites, dwarf, young
seamy, pound, twirl
moire, stand, bulgy
abris, model, punty
piles, dwarf, mount
towie, spray, clung
tyler, pound, basic
mower, stand, pubic
borde, lusty, panic
crams, feign, doubt
winey, focal, burst
dwale, crust, bingo
duing, focal, wrest
cardi, unmet, blogs
preon, lusty, magic
crony, flume, waist
fames, pound, twirl
spile, dwarf, mount
stipe, focal, wrung
cions, rebut, amply
minas, rebut, godly
reify, pound, blast
lucid, sower, tangy
trape, lying, focus
since, dwarf, moult
blest, cigar, pound
drays, feign, moult
regna, lusty, bipod
roily, unfed, stamp
inlay, rebut, comps
nifty, model, sugar
lysin, rebut, dogma
redly, basic, mount
urman, islet, podgy
cital, unfed, borms
coins, rebut, amply
cosey, dwarf, input
umble, cigar, stony
aside, front, lumpy
peart, lying, focus
clour, feign, stamp
pucan, model, first
pinas, rebut, godly
email, crust, downy
times, focal, wrung
flabs, pride, mount
woman, rebut, spicy
curls, feign, today
miros, unfed, aptly
cosed, trawl, unify
orgia, unfed, tymps
onset, cigar, dumpy
eldin, crust, foamy
bidon, crust, ample
cream, pound, swift
amowt, feign, scrub
fanos, rebut, imply
dauts, feign, prowl
gyeld, crust, piano
boner, lusty, magic
aides, front, lumpy
gipon, rebut, scald
plica, rebut, synod
pelma, crust, doing
igapo, rebut, wynds
obias, unfed, crypt
grout, panel, mysid
slump, cigar, often
yages, pound, twirl
margs, unfed, pilot
clued, first, wagon
olpae, crust, dying
antre, spicy, would
pings, rebut, focal
narco, flume, tipsy
gyral, unfed, moist
melba, crust, doing
sound, cigar, lefty
leany, crust, bipod
stoup, cigar, blend
corny, flume, waist
solid, rebut, fancy
awner, lusty, bipod
fount, cigar, bleys
onlay, rebut, dimps
decan, first, mogul
witan, model, scrub
sonly, cigar, debut
delfs, cigar, mount
gimel, dwarf, snout
slipe, dwarf, mount
talon, pride, bumfs
runic, model, patsy
forms, panel, cubit
carol, feign, musty
nugae, first, moldy
nicer, lusty, dogma
lipes, dwarf, mount
apert, lying, focus
touns, cigar, blype
polar, feign, musty
daine, crust, blowy
fermi, pound, blast
barye, pound, swift
rotis, unfed, amply
raids, unmet, blowy
burns, focal, piety
yager, pound, swift
palms, rebut, doing
stied, focal, wrung
abide, crust, flown
polts, cigar, unfed
fitna, model, scrub
mobey, cigar, dunts
aspen, moult, ridgy
banes, moult, gripy
paint, model, scrub
loden, cigar, musty
duper, focal, sting
dimbo, crust, panel
plots, cigar, unfed
misgo, rebut, candy
unapt, model, birsy
tired, focal, swung
samel, pound, grift
abler, pound, swift
carom, feign, lusty
ultra, feign, combs
image, crust, blown
canes, moult, gripy
edits, focal, wrung
twain, model, scrub
plews, cigar, mount
incur, model, patsy
duros, feign, aptly
poral, feign, musty
salon, rebut, wimpy
douar, feign, tymps
fonda, rebut, spicy
gowns, rebut, claim
taper, lying, focus
steam, pound, lyric
mings, rebut, focal
cosie, dwarf, blunt
sigma, rebut, clown
claro, feign, musty
trans, model, pubic
rebut, focal, spiny
tride, focal, swung
unlit, dwarf, scope
bigae, crust, flown
cursi, model, tangy
basen, moult, gripy
clime, dwarf, snout
ratio, unfed, gymps
earls, pound, mifty
fards, unmet, logic
riles, pound, bawty
yurta, model, swing
lumbi, dwarf, onset
linac, rebut, dowps
robin, flume, patsy
scuta, model, bring
nacre, lusty, bipod
close, dwarf, input
penal, crust, dimbo
santo, pride, bulgy
dunes, cigar, lofty
tubes, cigar, flown
waler, pound, bitsy
flown, cigar, upset
parts, model, unify
rants, model, pubic
wongi, rebut, scald
surgy, focal, twine
goier, stand, lumpy
pyoid, rebut, slang
soily, rebut, dwang
ratos, feign, dumpy
lownd, cigar, fetus
media, crust, blown
etics, dwarf, young
ledum, cigar, stony
liart, unfed, boygs
wefts, cigar, pound
trugs, focal, denim
drips, focal, unmet
riots, unfed, amply
unbag, model, first
plumb, cigar, onset
names, guild, forty
louts, cigar, bendy
reals, pound, mifty
ofter, lying, scuba
clues, dwarf, point
sprug, focal, twine
firns, model, caput
newsy, cigar, moult
nimps, rebut, focal
amuse, print, godly
doing, rebut, palsy
cadre, lusty, bingo
gowan, rebut, spicy
barfs, model, input
gonif, rebut, scald
norms, delta, pubic
piers, focal, bundt
yapon, rebut, films
price, stand, mogul
flare, pound, bitsy
trade, lying, focus
netop, cigar, bluds
flops, cigar, unmet
mates, pound, lyric
cowal, rebut, spiny
gobis, dwarf, unmet
yrent, focal, budis
sputa, model, bring
typos, cigar, unfed
ferny, audit, scowl
noter, basic, dumpy
odyls, cigar, unmet
ganof, rebut, spicy
tores, lying, dwaum
bayes, pound, twirl
diary, unmet, scowl
begin, focal, rusty
agone, crust, filmy
fanes, moult, gripy
sclim, rebut, wagon
dowse, cigar, blunt
sayed, print, mogul
marls, feign, doubt
inarm, lusty, befog
bolds, cigar, unmet
luces, dwarf, point
scrat, model, unify
roule, stand, wimpy
frate, pound, slimy
eloin, dwarf, musty
comal, rebut, spiny
agues, print, moldy
donas, rebut, filmy
inbye, focal, spurt
saucy, model, print
briny, focal, upset
yarto, feign, slump
ngoma, rebut, spicy
aline, crust, podgy
nomas, rebut, gilpy
punto, cigar, bleys
fates, pound, lyric
presa, lying, doubt
dongs, rebut, claim
smelt, cigar, pound
maple, crust, doing
suety, cigar, blown
preif, stand, mogul
malty, feign, scour
tread, lying, focus
onely, cigar, stump
outer, lying, swamp
wadts, feign, croup
geums, focal, print
relit, pound, abysm
rauns, model, typic
nobly, cigar, fetus
drabs, feign, moult
tules, cigar, downy
meats, pound, lyric
ceils, dwarf, mount
gonys, rebut, claim
cruse, lying, adopt
meril, pound, bafts
regal, pound, swift
pluot, cigar, bends
perdu, focal, sting
cides, trawl, young
swaly, rebut, doing
noily, rebut, swamp
pynes, cigar, moult
rowme, stand, pubic
leats, pound, grimy
muons, cigar, lefty
pearl, sonic, bufty
aeons, guild, crypt
plena, crust, dimbo
yupon, cigar, smelt
flory, unmet, basic
camos, rebut, lying
carob, feign, lustyph
breds, focal, input
mensa, guild, forty
blume, cigar, stony
bunya, model, first
daric, unmet, blogs
bergs, focal, input
pause, front, dimly
ayins, rebut, clomp
bites, focal, wrung
pelts, cigar, found
wains, rebut, godly
tousy, cigar, blend
runds, focal, piety
salic, rebut, downy
sloyd, cigar, unmet
amine, crust, godly
neaps, moult, ridgy
tamed, swirl, young
luges, dwarf, point
amole, crust, dying
fundi, react, blogs
latus, feign, dowry
canid, rebut, flogs
lubra, feign, stomp
renig, focal, musty
luter, basic, downy
paise, front, bludy
stipa, model, wrung
dault, feign, borms
amigo, rebut, wynds
bonie, dwarf, lusty
sapid, rebut, clown
milds, rebut, wagon
abord, feign, lusty
nurdy, focal, smite
lawed, crust, bingo
coure, stand, filmy
mosed, cigar, blunt
cains, rebut, godly
niger, focal, musty
renga, lusty, bipod
molts, cigar, unfed
rungs, focal, piety
tauld, feign, borms
pears, lying, doubt
remap, lusty, doing
biles, dwarf, mount
wanle, crust, bipod
unsay, model, grift
tying, focal, rebus
lurid, comet, spawn
uncoy, dwarf, islet
emacs, pound, twirl
belar, pound, swift
spawl, rebut, doing
anomy, rebut, clips
gayer, pound, swift
scold, rebut, aping
owing, rebut, scald
myoid, rebut, spawn
clote, dwarf, using
wings, rebut, focal
naric, model, gusty
roist, unfed, amply
boyla, feign, crust
bated, swirl, young
loirs, unfed, bawty
spelt, cigar, found
wipes, focal, burnt
yonis, rebut, clamp
ayelp, crust, doing
focus, grade, minty
padle, crust, bingo
pelfs, cigar, mount
dogan, rebut, spicy
rudes, focal, minty
grews, focal, input
miler, pound, bafts
utile, dwarf, bongs
poult, cigar, bends
sudor, feign, aptly
grice, pound, blast
dowps, cigar, unmet
tabid, sower, clung
canso, rebut, filmy
yrapt, model, using
dopas, rebut, lying
upled, cigar, stony
turds, focal, being
caple, first, mound
temps, cigar, found
bluet, cigar, synod
atomy, feign, scrub
gauds, print, bowel
carbo, feign, lusty
opine, dwarf, lusty
cyano, rebut, dimps
pingo, rebut, scald
bluid, react, snowy
tiyns, focal, purge
yourt, feign, scald
psion, rebut, madly
treys, focal, duing
newbs, cigar, moult
stude, cigar, blown
milos, rebut, candy
sugar, model, nifty
barde, lusty, owing
fades, print, mogul
bason, pride, culty
argus, model, nifty
scaur, model, tying
repay, moult, swing
gourd, panel, swift
anode, crust, filmy
anime, crust, godly
