corgi, hynde, klutz, waqfs
flimp, hynde, swack, trugo
kench, rumpy, voids, waltz
bight, crump, doeks, wanly
bumph, coked, frits, wanly
burgh, kempt, voids, wanly
brags, comix, hynde, klutz
croft, hynde, lumbi, pawks
comix, grabs, hynde, klutz
hynde, jirga, klutz, wombs
bawrs, comix, hynde, klutz
comix, frabs, hynde, klutz
bilgy, fremd, panto, shuck
begar, klutz, nymph, voids
grits, hynde, plumb, wacko
fecal, knits, rumpy, vozhd
bight, jumps, ocker, wanly
croft, glisk, hynde, jambu
combs, hynde, jirga, klutz
bunch, dwalm, proxy, tikes
bowet, flick, hangs, rumpy
fumed, gript, hocks, wanly
bilge, chank, dowts, rumpy
bunjy, croft, gapes, whilk
bowet, ching, rumpy, skald
croft, debug, skimp, wanly
beins, croft, dwalm, vughy
blimp, croft, hynde, quags
bilgy, champ, quonk, trews
brawn, chyme, klutz, voids
cyber, klutz, voids, whang
burgh, dowts, fecal, pinky
brawn, hempy, klutz, voids
firms, hynde, klutz, vocab
bight, dumps, joker, wanly
bilgy, croft, umped, wanks
bowet, chalk, finds, rumpy
champ, ferny, klutz, voids
bilgy, croft, musha, pwned
avows, crimp, hynde, klutz
canty, grump, voids, whelk
bilgy, drunk, fowth, maces
byked, crwth, fungi, opals
croft, glaik, hynde, jumps
croft, imbed, vughs, wanly
bowet, chink, glads, rumpy
chang, dowts, flexi, rumpy
bight, cored, jumps, wanly
bloke, finds, gatch, rumpy
craig, hynde, klutz, wombs
befit, grump, hocks, wanly
bilgy, chump, downs, taxer
fremd, hocks, qubit, wanly
blash, croft, nuked, pigmy
dowts, felch, nikab, rumpy
bahut, clomp, jerky, swing
hynde, mazut, splog, wrick
hynde, jowar, plumb, stick
hynde, klutz, mafic, vrows
croft, gived, sumph, wanly
beads, croft, guqin, lymph
bowet, dings, flack, rumpy
baric, gowfs, hynde, klutz
filth, gymps, jowar, nuked
boric, hynde, klutz, waqfs
bulge, crwth, manky, voids
bilgy, nocks, taxer, whump
fraim, hynde, klutz, scowp
bight, cover, jumps, wanly
bight, croze, jumps, wanly
bowet, glyph, minds, quark
frits, gumbo, hynde, plack
glift, hynde, jowar, mucks
bight, cuzes, fjord, wanly
ditch, frugs, kembo, wanly
chank, dowts, gibel, rumpy
croft, gived, umphs, wanly
bowet, flick, mushy, prang
axing, blech, dowts, rumpy
bilgy, croft, dewax, hunks
bumph, defog, stirk, wanly
dicht, frugs, kembo, wanly
bunjy, croft, degas, whilk
hynde, jowar, plumb, ticks
cramp, gobis, hynde, klutz
bilgy, croft, juked, spawn
elbow, finds, gatch, rumpy
bunjy, croft, egads, whilk
bilgy, croft, nudzh, wakes
bumph, croft, devis, wanly
fribs, gompa, hynde, klutz
fleck, rumpy, thang, voids
bowet, djins, flack, rumpy
ample, bunjy, crwth, voids
croft, gambs, hynde, pulik
bilgy, croft, hexad, junks
byked, crwth, opals, unfix
chowk, finds, rumpy, valet
bight, crump, dozes, wanly
croft, hadji, punky, wembs
gamic, hynde, klutz, probs
gitch, kembo, wanly, zurfs
combs, faqir, hynde, klutz
fleck, hadji, rumpy, tongs
anker, bigly, chump, dowts
barfs, comix, hynde, klutz
bilgy, croft, hawms, nuked
bumph, froze, stick, wanly
bilgy, fremd, hocks, vaunt
bight, coves, frump, wanly
biped, croft, vughs, wanly
croft, gibed, sumph, wanly
bowet, fyrds, gulph, manic
bilgy, croft, khuds, navew
bilgy, croft, kames, nudzh
burqa, chyme, dowts, plink
bilgy, croft, hakus, pwned
bilgy, croft, menad, whups
baghs, croft, nuked, wimpy
cribs, gompa, hynde, klutz
fecal, rumpy, tinks, vozhd
hynde, jambo, klutz, scrip
bight, coxes, frump, wanly
croft, hynde, plumb, vigas
botel, chawk, finds, rumpy
frits, hynde, pluck, zambo
croft, jibed, vughs, wanly
chang, dowts, exfil, rumpy
bumph, croft, jedis, wanly
bunjy, crwth, pagle, voids
blype, match, voids, wrung
bight, cosed, frump, wanly
combi, frags, hynde, klutz
bilgy, croft, nazes, whump
bilgy, croft, shawn, umped
bight, jumps, roked, wanly
bilgy, croft, hunks, paved
awned, bilgy, croft, sumph
bumph, croft, jives, wanly
chang, dowts, kevil, rumpy
acerb, klutz, nymph, voids
daych, frown, plumb, tikes
cromb, hynde, klutz, waifs
cleft, hadji, knobs, rumpy
bilgy, fraud, hocks, nempt
bilgy, faxed, hocks, prunt
blype, frank, mutch, voids
fibro, hynde, klutz, scamp
gorps, hynde, klutz, mafic
bumph, roved, stick, wanly
bilgy, croft, swank, umped
biogs, cramp, hynde, klutz
croft, gumps, hived, wanly
coxib, hynde, klutz, mawrs
croft, imped, vughs, wanly
lucky, prang, voids, wheft
bilgy, nuked, scamp, throw
bronc, dwalm, tikes, vughy
chang, dowts, rumpy, vexil
cling, dowts, hejab, rumpy
bilgy, croft, senza, whump
bight, decos, frump, wanly
bilgy, munch, trews, vodka
bawks, croft, hynde, pugil
coxib, hynde, klutz, ramps
bilgy, croft, saned, whump
bawns, croft, hyleg, mixup
klutz, nymph, voids, wager
bilgy, croft, sumph, vaned
below, finds, gatch, rumpy
croft, piked, vughs, wanly
hynde, klutz, primo, waqfs
banks, croft, hyleg, mixup
buxom, frits, hynde, plack
bilgy, croft, mends, pujah
chyme, klutz, voids, wrang
dowts, fleck, niqab, rumpy
frits, hynde, jambo, pluck
bilgy, croft, jehad, punks
coxib, hynde, klutz, swarm
bilgy, croft, dewan, sumph
bunjy, crwth, maple, voids
bilgy, dowts, munch, paver
blype, crwth, unjam, voids
hynde, plumb, strig, wacko
frock, hynde, plumb, taxis
blype, krang, mutch, voids
croft, pudge, wanly, zimbs
ahing, dowts, fleck, rumpy
crwth, dizen, okays, plumb
hynde, plumb, rifts, wacko
braws, comix, hynde, klutz
bilgy, croft, hawed, junks
bilgy, champ, quonk, strew
cadgy, frown, plumb, tikes
bumph, forex, stick, wanly
flung, jerky, patch, voids
clift, gumps, hynde, jowar
bavin, dowts, fleck, rumpy
bowet, flick, gnash, rumpy
abrim, hynde, klutz, scowp
bight, cozes, frump, wanly
bilgy, chump, snowk, taxer
curds, fight, kembo, wanly
balds, croft, jumpy, vixen
blimp, hynde, trugo, wakfs
finds, klutz, mobey, parch
bowet, flick, rumpy, sangh
bilgy, draft, hocks, unmew
bumph, croft, dikes, wanly
first, hynde, plumb, wacko
coifs, gramp, hynde, klutz
bilgy, croft, vanes, whump
bilgy, croft, hunks, vaped
block, frump, hynde, taigs
bunjy, croft, haled, skimp
hynde, klutz, orgic, waqfs
bowet, child, fangs, rumpy
bract, howls, nuked, pigmy
crumb, panty, voids, whelk
bunch, dwalm, grovy, tikes
ganch, klutz, premy, voids
baulk, croft, gimps, hynde
frist, hynde, plumb, wacko
blore, finds, gatch, jumpy
bilgy, croft, skean, whump
bogle, finds, rumpy, watch
bowet, flack, hings, rumpy
bumph, clown, gravy, tikes
klutz, mangy, perch, voids
barmy, klutz, voids, wench
blent, chawk, rumpy, voids
fetch, klang, rumpy, voids
crwth, dizen, kayos, plumb
bilgy, croft, shank, umped
bight, fjord, puces, wanly
caber, klutz, nymph, voids
chawk, nertz, plumb, voids
bunjy, flack, threw, voids
blype, croft, maund, whisk
anker, dowts, jumby, pilch
frock, gaits, hynde, plumb
bowrs, hynde, klutz, mafic
brace, klutz, nymph, voids
croft, hyleg, mixup, nabks
bling, chave, dowts, rumpy
hynde, klutz, magic, probs
bunjy, kempt, larch, voids
bilgy, croft, nuked, whaps
bunjy, chomp, drawl, tikes
bawls, croft, hynde, mixup
bilgy, crump, devon, shakt
frits, gambo, hynde, pluck
bilgy, croft, muxed, spank
bwazi, croft, hynde, slump
fawny, klutz, merch, voids
bunjy, crwth, plage, voids
bilgy, croft, exams, nudzh
bunjy, crwth, flame, voids
croft, hynde, mikva, plugs
blaws, croft, hynde, mixup
bight, frump, voces, wanly
forbs, gamic, hynde, klutz
baghs, croft, imply, nuked
byked, croft, lawns, mixup
brogs, campi, hynde, klutz
blags, croft, hynde, mixup
bunjy, champ, dowts, liver
bumph, codex, frits, wanly
bilgy, croft, nudzh, spake
crimp, goafs, hynde, klutz
cimar, gowfs, hynde, klutz
bilgy, chump, taxer, zonks
bilgy, champ, found, trews
bilgy, croft, hunks, wamed
croft, khuds, vibex, wanly
bilgy, croft, sedan, whump
croft, guqin, lymph, sabed
croft, pized, vughs, wanly
bilgy, croft, kanes, whump
champ, dowts, jerky, linux
borde, gumps, thick, wanly
carex, klutz, nymph, voids
croft, nuked, palmy, whigs
coxib, hynde, klutz, warms
frits, hynde, jumbo, plack
hynde, plumb, softa, wrick
coxib, hynde, klutz, warps
bilgy, croft, nudzh, vaxes
barfi, hynde, klutz, scowp
dowts, fling, hejab, rumpy
bawds, croft, hyleg, unzip
bilgy, croft, knead, sumph
crazy, dints, gulph, kembo
croft, glibs, hynde, muzak
blech, dowts, kanji, rumpy
chang, rumpy, voids, welkt
campi, frogs, hynde, klutz
comps, hynde, jirga, klutz
bilgy, chavs, nuked, tromp
croft, gumps, hynde, vakil
croft, glums, hynde, qapik
frock, hynde, plumb, taigs
bilgy, croft, naked, sumph
bilgy, croft, nudzh, speak
dowts, ganev, rumpy, zilch
croft, gawks, hynde, pilum
frows, gamic, hynde, klutz
bight, cukes, fjord, wanly
bight, coeds, frump, wanly
cager, klutz, nymph, voids
bilgy, dowts, munch, parev
chang, plumb, tikes, wordy
croft, miked, vughs, wanly
chawk, plumb, voids, yrent
barge, klutz, nymph, voids
boked, chump, frits, wanly
blurt, comix, hynde, pawks
gifts, hynde, jowar, plumb
hynde, jambo, klutz, prigs
chawk, doits, nervy, plumb
anker, bumph, cylix, dowts
bines, croft, dwalm, vughy
gnarl, jumpy, ketch, voids
fleck, rumpy, thanx, voids
bumph, redox, stick, wanly
bodge, chump, frits, wanly
bilgy, croft, knaps, muxed
bancs, howdy, klutz, mixer
bumph, decko, frits, wanly
bumph, dover, stick, wanly
bilgy, frump, notch, saved
bumph, croft, sized, wanly
bilgy, champ, fondu, trews
blank, fetch, rumpy, voids
bumph, croft, vised, wanly
croft, gambs, hynde, pikul
bilgy, chump, taxer, wonks
bilgy, pronk, sumac, wheft
bahut, clomp, jerky, wings
bunjy, flack, twerp, voids
bowet, child, knags, rumpy
bumps, croft, hynde, wilja
hynde, klutz, prism, vocab
bilgy, croft, hazed, junks
bilgy, cramp, nuked, sowth
chang, plumb, treyf, voids
bilgy, drack, monte, whups
coxib, hynde, klutz, swarf
bilgy, croft, nudzh, waxes
bunjy, champ, dowts, rivel
agist, frock, hynde, plumb
clink, dowts, hejab, rumpy
bhang, dowts, ickle, rumpy
filch, jambo, nuked, tryps
burqa, chyme, dowts, pling
bilgy, famed, hocks, prunt
amend, bilgy, croft, whups
blunk, crwth, mazey, voids
frits, hynde, plumb, wacko
flawn, ketch, rumpy, voids
bilgy, croft, nudzh, peaks
bilgy, croft, nudzh, samek
anigh, dowts, fleck, rumpy
garbe, klutz, nymph, voids
croft, hynde, jambu, kilps
bowet, gymps, hadji, knurl
bilgy, chump, sownd, taxer
dwalm, forby, punch, tikes
finds, gatch, jumpy, roble
brows, hynde, klutz, mafic
bilgy, croft, named, whups
coxib, farms, hynde, klutz
bowet, flack, nighs, rumpy
dowts, fecal, prink, vughy
burgh, dwalm, poncy, tikes
boxed, chump, frits, wanly
avens, bilgy, croft, whump
flank, rumpy, voids, wecht
croft, puked, wanly, zimbs
croft, hynde, lawks, mixup
bilgy, croft, hanks, umped
bilgy, nuked, schwa, tromp
byked, crwth, guqin, opals
frabs, hynde, klutz, ogmic
croft, hynde, mawks, pugil
chang, plumb, tryke, voids
bhang, cleik, dowts, rumpy
crimp, gajos, hynde, klutz
coxib, hynde, klutz, wraps
coxib, fraps, hynde, klutz
bulky, fetch, prang, voids
bilgy, croft, makes, nudzh
bilgy, croft, hunks, waved
bowet, flack, rumpy, zings
bunjy, croft, heald, skimp
blech, dowts, fagin, rumpy
croft, dumps, vibex, wanly
bench, gramp, klutz, voids
grapy, klutz, voids, wench
bilgy, confs, taxer, whump
bilgy, croft, nudzh, waves
bight, crump, jokes, wanly
backs, flimp, hynde, trugo
kreng, plumb, voids, yacht
bilgy, crump, dowts, haven
bemix, croft, vughs, wanly
fecht, grump, voids, wanly
bilgy, croft, nuked, pashm
bilgy, croft, dwaum, penks
bunjy, crwth, gleam, voids
bumph, croft, dives, wanly
carpi, gowfs, hynde, klutz
bilgy, croft, dawen, sumph
bilgy, hertz, pownd, sumac
anker, bilgy, dowps, mutch
croft, hynde, jambs, pugil
blips, croft, hynde, muzak
dowts, filch, ganev, rumpy
bilgy, nuked, rowth, scamp
croft, juked, wanly, zimbs
bilgy, croft, juked, pawns
blent, rumpy, voids, whack
bumph, gofer, stick, wanly
bunjy, champ, dowts, flier
bugle, crwth, manky, voids
bilgy, croft, hunks, waxed
croft, hynde, kazis, plumb
fatso, hynde, plumb, wrick
frock, hynde, plumb, vitas
frock, hynde, plumb, staig
flick, hynde, jowar, tumps
brans, klutz, vichy, wodge
abrim, cowps, hynde, klutz
bumph, croft, gives, wanly
croft, hynde, waulk, zimbs
finds, globe, rumpy, watch
bight, codes, frump, wanly
hynde, klutz, micro, waqfs
bunjy, croft, vegas, whilk
champ, dowts, jerky, lungi
chawk, finds, rumpy, volet
byked, croft, mulga, whins
based, croft, guqin, lymph
blype, crwth, fanum, voids
begum, drift, hocks, wanly
bight, crump, doxes, wanly
bilgy, croft, hunks, pawed
bilgy, chaws, nuked, tromp
chugs, drift, kembo, wanly
bilgy, croft, janes, whump
bilgy, croft, nudzh, paxes
bilgy, croft, jeans, whump
jocky, muils, prang, wheft
baulk, croft, hynde, wimps
blitz, focus, gramp, hynde
admen, bilgy, croft, whups
byked, croft, gulph, swain
bonks, cleft, hadji, rumpy
camps, fibro, hynde, klutz
bunch, dwalm, porgy, tikes
bilgy, capot, nudzh, swerf
cabre, klutz, nymph, voids
croft, hynde, mujik, spawl
bight, coder, jumps, wanly
fidge, hocks, trump, wanly
bezil, chang, dowts, rumpy
chang, dowry, plumb, tikes
chyme, klutz, prang, voids
bumph, coved, frits, wanly
bilgy, croft, naves, whump
crips, hynde, jambo, klutz
blawn, ketch, rumpy, voids
bowet, dangs, flick, rumpy
croft, mixed, vughs, wanly
dowts, gulch, jerky, panim
gymps, jowar, licht, nuked
bilgy, croft, snead, whump
blive, chang, dowts, rumpy
cramp, gojis, hynde, klutz
grace, klutz, nymph, voids
gamic, hynde, klutz, profs
bilgy, croft, hunks, jawed
barps, comix, hynde, klutz
amped, bilgy, croft, hunks
bunjy, croft, peags, whilk
ficos, gramp, hynde, klutz
blype, croft, kanzu, whids
awmry, bench, klutz, voids
blimp, croft, gawsy, nuked
bints, fecal, rumpy, vozhd
bunjy, champ, dowts, livre
gowfs, hynde, klutz, vicar
bilgy, match, quonk, sprew
croft, hynde, mujik, pawls
hynde, klutz, mafic, prows
dowts, fleck, hangi, rumpy
bigos, cramp, hynde, klutz
blype, kranz, mutch, voids
facer, klutz, nymph, voids
bilgy, croft, hudna, kemps
bilgy, croft, sneak, whump
bilgy, chump, fonda, trews
klutz, mercy, phang, voids
bumph, frits, joked, wanly
chawk, extol, finds, rumpy
bumph, foxed, stirk, wanly
cramp, figos, hynde, klutz
bilgy, dwarf, hocks, unmet
bunjy, croft, games, whilk
bilgy, croft, hamed, junks
franc, hempy, klutz, voids
bilgy, croft, nudzh, wames
bowet, flack, hinds, rumpy
bowel, finds, gatch, rumpy
bowet, child, kangs, rumpy
bilgy, croft, juked, mawns
aking, blech, dowts, rumpy
coxib, gravs, hynde, klutz
bight, crump, doves, wanly
bumph, croft, skied, wanly
byked, croft, gulph, wains
abrim, gowfs, hynde, klutz
grist, hynde, plumb, wacko
bilgy, croft, hunks, maxed
hynde, klutz, prims, vocab
burqa, kempt, lynch, voids
burqa, clomp, hynde, swift
gowfs, hynde, klutz, micra
barns, klutz, vichy, wodge
bilgy, faurd, hocks, nempt
biles, croft, kandy, whump
bilgy, chump, dowts, raven
frigs, hynde, jambo, klutz
climb, hynde, pawks, trugo
burqa, flock, hynde, twigs
flack, hynde, trugo, zimbs
balks, croft, hynde, mixup
klutz, nymph, voids, waxer
cleft, rumpy, voids, whang
bumph, frits, gecko, wanly
bilgy, cowan, dempt, rukhs
bunjy, champ, dowts, lifer
braxy, klutz, voids, wench
dowts, gulch, jerky, pavin
bilgy, chows, nuked, tramp
clang, rumpy, voids, wheft
bilgy, croft, khans, umped
blins, croft, kempy, waugh
blink, chave, dowts, rumpy
besaw, croft, guqin, lymph
crazy, gulph, kembo, tinds
bilgy, conks, taxer, whump
bedim, croft, vughs, wanly
coxib, garms, hynde, klutz
bilgy, drams, fetch, quonk
bract, glyph, unmew, voids
blype, crwth, kanzu, voids
comix, garbs, hynde, klutz
bumph, dozer, stick, wanly
bilgy, croft, snake, whump
croft, hynde, kivas, plumb
hynde, mikva, plotz, scrub
coxib, hynde, klutz, prams
bumph, treck, voids, wanly
bumph, dreck, foist, wanly
byked, crwth, opals, unmix
bunjy, crwth, femal, voids
bilgy, chump, fonds, taxer
anker, bilgy, chump, dowts
klutz, nymph, rewax, voids
croft, gumps, hynde, wilja
grind, jumby, ketch, opals
grows, hynde, klutz, mafic
comix, hynde, klutz, warbs
biked, croft, vughs, wanly
brock, flump, hynde, taigs
bunjy, clamp, twerk, voids
bumph, clown, tikes, vardy
bilgy, chump, knows, taxer
bands, croft, hyleg, mixup
bumph, gored, stick, wanly
chewy, klutz, prang, voids
chang, plumb, rowdy, tikes
bight, crump, devos, wanly
budge, croft, skimp, wanly
croft, gumps, hiked, wanly
gramp, klutz, voids, wench
hynde, klutz, mafic, probs
byked, croft, hilum, swang
bunjy, champ, tikes, world
klutz, nymph, voids, wafer
bilgy, croft, hunks, mazed
bilgy, croft, nuked, shawm
bilgy, dowts, munch, parve
cawks, flimp, hynde, trugo
felch, rumpy, twank, voids
frock, hynde, plumb, waist
bight, droke, jumps, wanly
hynde, klutz, mafic, progs
bight, cokes, frump, wanly
anker, bumph, dowts, xylic
blimp, croft, hynde, squaw
croft, hynde, jumps, wilga
bongs, hadji, klutz, premy
fecal, rumpy, stink, vozhd
bilgy, croft, deans, whump
flimp, hynde, trugo, zacks
hynde, impro, klutz, waqfs
bilgy, croft, deman, whups
croft, gawps, hynde, mujik
coxib, frags, hynde, klutz
bilgy, croft, maned, whups
bilgy, crown, dempt, hakus
croft, hynde, mixup, walks
bilgy, croft, hunks, japed
bilgy, croft, dumka, shewn
brogs, hynde, klutz, mafic
blech, dowts, rumpy, zigan
croft, glazy, nuked, whips
coxib, hynde, klutz, margs
dutch, kembo, prigs, wanly
farce, klutz, nymph, voids
croft, gived, humps, wanly
bunjy, champ, dowts, rifle
bilgy, nuked, schav, tromp
bilgy, croft, humas, pwned
bight, credo, jumps, wanly
bunjy, croft, gazes, whilk
blaws, croft, guimp, hynde
blads, croft, jumpy, vixen
capri, gowfs, hynde, klutz
bilgy, chump, trews, zonda
blech, rumpy, twank, voids
bunjy, crwth, pelma, voids
croft, gumps, hynde, qibla
bilgy, croft, hunks, mawed
ankhs, bilgy, croft, umped
bilgy, croft, daven, sumph
bilgy, croft, kasme, nudzh
bunjy, croft, pages, whilk
bunjy, croft, gades, whilk
bumph, forze, stick, wanly
beaks, croft, guqin, lymph
bilgy, croft, japes, nudzh
azyme, blunk, crwth, voids
bumph, forge, stick, wanly
hynde, jambo, klutz, sprig
fetid, grump, hocks, wanly
bumph, croft, kievs, wanly
cigar, hynde, klutz, wombs
bilgy, curns, fated, whomp
bunjy, crwth, fleam, voids
bilgy, croft, nudzh, vespa
bilgy, nuked, scamp, worth
blype, crwth, munga, voids
chawk, glent, rumpy, voids
croft, hynde, jugal, zimbs
bumph, drove, stick, wanly
belch, rumpy, twank, voids
blech, dowts, kaing, rumpy
bilgy, croft, pwned, quash
curbs, hynde, mikva, plotz
coxib, hynde, jarps, klutz
bilgy, croft, dhaks, unmew
fleck, hadji, rumpy, stong
bight, crump, feods, wanly
bilgy, champ, quonk, wrest
chawk, finds, rumpy, volte
blech, rumpy, twang, voids
bilgy, croft, hemps, nduja
bilgy, nuked, scamp, wroth
bumph, cozed, frits, wanly
klutz, premy, voids, whang
flick, hynde, jowar, stump
brens, comfy, hadji, klutz
croft, mujik, peghs, wanly
flimp, hynde, trugo, wacks
blech, dowts, kiang, rumpy
byked, croft, gnaws, hilum
chyme, klutz, prawn, voids
bilgy, croft, maxes, nudzh
certy, plumb, voids, whang
bahut, clomp, jerky, winds
fuzed, gript, hocks, wanly
bilgy, depth, frown, sumac
bumph, croft, skive, wanly
bunjy, champ, dowts, viler
bowet, carks, guild, nymph
croft, nuked, pygal, whims
balti, cowks, grump, hynde
chawk, entry, plumb, voids
aping, dowts, jerky, mulch
croft, nuked, pigmy, shawl
flimp, hynde, jacks, trugo
blype, croft, gawds, unmix
bilgy, dwaum, frons, ketch
bilgy, croft, sumph, waned
blimp, croft, hynde, jauks
benis, croft, dwalm, vughy
bunjy, champ, dowts, ervil
brigs, campo, hynde, klutz
croft, hynde, jugal, skimp
bwazi, croft, hynde, lumps
chawk, finds, rumpy, zlote
bilgy, croft, nudzh, vapes
brugh, kempt, voids, wanly
bumph, coxed, frits, wanly
frock, hynde, plumb, waits
bumph, fjord, tikes, wanly
chang, plumb, twyer, voids
chang, klutz, premy, voids
bilgy, drawn, focus, kempt
croft, hynde, pulka, zimbs
frugs, kembo, pitch, wanly
bunjy, flack, rewth, voids
bilgy, nuked, scamp, whort
frock, hynde, plumb, zatis
bumph, grove, stick, wanly
coxib, grasp, hynde, klutz
gowfs, hynde, klutz, rabic
bakes, croft, guqin, lymph
bumfs, clipt, hynde, jowar
croft, judge, wanly, zimbs
bight, decor, jumps, wanly
bilgy, croft, nuked, whams
chump, frits, jobed, wanly
bilgy, croft, nudzh, paves
binds, croft, hyleg, muzak
bowet, carks, fluid, nymph
advew, bilgy, croft, hunks
bilgy, dowts, faver, munch
bilgy, fract, nuked, whops
bunjy, croft, egmas, whilk
bilgy, crump, devon, khats
bight, crump, foxes, wanly
croft, gumps, hynde, kibla
blimp, croft, hynde, wauks
bilgy, crowd, hakus, nempt
fecal, rumpy, skint, vozhd
filch, jowar, nuked, tymps
grips, hynde, jambo, klutz
cruds, kembo, pight, wanly
blimp, croft, nuked, washy
bilgy, croft, nuked, pshaw
bwazi, croft, hynde, plums
bwazi, croft, hynde, pulks
byked, croft, hilum, wangs
bilgy, croft, jakes, nudzh
croft, hadji, kelpy, numbs
bowet, child, rumpy, vangs
bunjy, champ, dowts, liker
chapt, flung, jerky, voids
frock, hynde, plumb, vista
jager, klutz, nymph, voids
bilgy, croft, kaphs, unmew
bilgy, croft, jaspe, nudzh
ambry, klutz, voids, wench
coxib, hynde, klutz, sprag
drugs, fitch, kembo, wanly
girts, hynde, plumb, wacko
blunt, champ, jerky, voids
bowet, chank, gilds, rumpy
crisp, hynde, jambo, klutz
bunjy, champ, dowts, liger
askew, bilgy, croft, nudzh
farci, hynde, klutz, wombs
clank, rumpy, voids, wheft
bunjy, croft, mages, whilk
bilgy, champ, trews, vodun
blimp, croft, hynde, kagus
bight, force, jumps, wanly
borel, finds, gatch, jumpy
flack, rumpy, thegn, voids
hynde, klutz, mafic, sprog
bilgy, croft, nudzh, wekas
fetch, grump, voids, wanly
bunjy, champ, dowts, filer
bilgy, croft, james, nudzh
blimp, croft, hynde, vagus
byked, mutch, opals, wring
crapy, embow, finds, klutz
curds, kembo, pight, wanly
gowfs, hynde, klutz, picra
bilgy, dowts, munch, vaper
gowfs, hynde, klutz, vraic
grump, tikes, vozhd, wanly
hynde, plumb, trigs, wacko
grump, ketch, voids, wanly
bings, croft, dwalm, pukey
bhang, klutz, premy, voids
coxib, grams, hynde, klutz
bilgy, fazed, hocks, prunt
blahs, croft, nuked, pigmy
flick, hynde, swamp, trugo
